[    1028ms] [INFO] %cDownload the React DevTools for a better development experience: https://react.dev/link/react-devtools font-weight:bold @ http://localhost:8090/app/entry.ts.bundle?platform=web&dev=true&hot=false&lazy=true&transform.engine=hermes&transform.routerRoot=.%2Fapp&unstable_transformProfile=hermes-stable:18010
[    1075ms] [LOG] Running application "main" with appParams:
 {rootTag: #root, hydrate: undefined} 
Development-level warnings: ON.
Performance optimizations: OFF. @ http://localhost:8090/app/entry.ts.bundle?platform=web&dev=true&hot=false&lazy=true&transform.engine=hermes&transform.routerRoot=.%2Fapp&unstable_transformProfile=hermes-stable:67481
[    1210ms] [WARNING] "shadow*" style props are deprecated. Use "boxShadow". @ http://localhost:8090/app/entry.ts.bundle?platform=web&dev=true&hot=false&lazy=true&transform.engine=hermes&transform.routerRoot=.%2Fapp&unstable_transformProfile=hermes-stable:24332
[    1213ms] [WARNING] "textShadow*" style props are deprecated. Use "textShadow". @ http://localhost:8090/app/entry.ts.bundle?platform=web&dev=true&hot=false&lazy=true&transform.engine=hermes&transform.routerRoot=.%2Fapp&unstable_transformProfile=hermes-stable:24332
[    1224ms] [WARNING] [WARN] expo-av not available, using haptic feedback only @ http://localhost:8090/app/entry.ts.bundle?platform=web&dev=true&hot=false&lazy=true&transform.engine=hermes&transform.routerRoot=.%2Fapp&unstable_transformProfile=hermes-stable:211137
[    1352ms] [LOG] [Boot] layout_init_start (0ms)  @ http://localhost:8090/app/entry.ts.bundle?platform=web&dev=true&hot=false&lazy=true&transform.engine=hermes&transform.routerRoot=.%2Fapp&unstable_transformProfile=hermes-stable:595440
[    1364ms] [LOG] [Boot] layout_error_handlers_setup (12ms)  @ http://localhost:8090/app/entry.ts.bundle?platform=web&dev=true&hot=false&lazy=true&transform.engine=hermes&transform.routerRoot=.%2Fapp&unstable_transformProfile=hermes-stable:595440
[    1364ms] [LOG] [DEBUG] [Feature Flags] Status: {boringBuildMode: true, flags: Object} @ http://localhost:8090/app/entry.ts.bundle?platform=web&dev=true&hot=false&lazy=true&transform.engine=hermes&transform.routerRoot=.%2Fapp&unstable_transformProfile=hermes-stable:211135
[    1390ms] [LOG] [DEBUG] [TutorialManager] State: {showTutorial: false, stepsCount: 0, currentTutorialStep: 0, hasCurrentStep: false} @ http://localhost:8090/app/entry.ts.bundle?platform=web&dev=true&hot=false&lazy=true&transform.engine=hermes&transform.routerRoot=.%2Fapp&unstable_transformProfile=hermes-stable:211135
[    1391ms] [LOG] [DEBUG] [TutorialManager] shouldShowModal: {shouldShowModal: false} @ http://localhost:8090/app/entry.ts.bundle?platform=web&dev=true&hot=false&lazy=true&transform.engine=hermes&transform.routerRoot=.%2Fapp&unstable_transformProfile=hermes-stable:211135
[    1401ms] [WARNING] props.pointerEvents is deprecated. Use style.pointerEvents @ http://localhost:8090/app/entry.ts.bundle?platform=web&dev=true&hot=false&lazy=true&transform.engine=hermes&transform.routerRoot=.%2Fapp&unstable_transformProfile=hermes-stable:24332
[    1412ms] [ERROR] Received `%s` for a non-boolean attribute `%s`.

If you want to write it to the DOM, pass a string instead: %s="%s" or %s={value.toString()}.

If you used to conditionally omit it with %s={condition && value}, pass %s={condition ? value : undefined} instead. false collapsable collapsable false collapsable collapsable collapsable @ http://localhost:8090/app/entry.ts.bundle?platform=web&dev=true&hot=false&lazy=true&transform.engine=hermes&transform.routerRoot=.%2Fapp&unstable_transformProfile=hermes-stable:1544
[    1464ms] [LOG] [RootLayout] Crash recovery system initialized @ http://localhost:8090/app/entry.ts.bundle?platform=web&dev=true&hot=false&lazy=true&transform.engine=hermes&transform.routerRoot=.%2Fapp&unstable_transformProfile=hermes-stable:593800
[    1580ms] [INFO] [INFO] IAPHandler: Registering state updater @ http://localhost:8090/app/entry.ts.bundle?platform=web&dev=true&hot=false&lazy=true&transform.engine=hermes&transform.routerRoot=.%2Fapp&unstable_transformProfile=hermes-stable:211137
[    1585ms] [WARNING] Animated: `useNativeDriver` is not supported because the native animated module is missing. Falling back to JS-based animation. To resolve this, add `RCTAnimation` module to this app, or remove `useNativeDriver`. Make sure to run `bundle exec pod install` first. Read more about autolinking: https://github.com/react-native-community/cli/blob/master/docs/autolinking.md @ http://localhost:8090/app/entry.ts.bundle?platform=web&dev=true&hot=false&lazy=true&transform.engine=hermes&transform.routerRoot=.%2Fapp&unstable_transformProfile=hermes-stable:39221
[    1586ms] [LOG] [Performance] TopStatsBar rendered 1 times, 190ms since last render @ http://localhost:8090/app/entry.ts.bundle?platform=web&dev=true&hot=false&lazy=true&transform.engine=hermes&transform.routerRoot=.%2Fapp&unstable_transformProfile=hermes-stable:539484
[    1593ms] [LOG] [DEBUG] [TutorialManager] Modal should NOT be visible @ http://localhost:8090/app/entry.ts.bundle?platform=web&dev=true&hot=false&lazy=true&transform.engine=hermes&transform.routerRoot=.%2Fapp&unstable_transformProfile=hermes-stable:211137
[    1596ms] [LOG] [Boot] layout_providers_init (244ms)  @ http://localhost:8090/app/entry.ts.bundle?platform=web&dev=true&hot=false&lazy=true&transform.engine=hermes&transform.routerRoot=.%2Fapp&unstable_transformProfile=hermes-stable:595440
[    1597ms] [LOG] [AI Debug] Context initialized: {environment: dev, appVersion: 2.10.0, buildNumber: dev (v2.10.0), stateVersion: 46, hasStateGetter: true} @ http://localhost:8090/app/entry.ts.bundle?platform=web&dev=true&hot=false&lazy=true&transform.engine=hermes&transform.routerRoot=.%2Fapp&unstable_transformProfile=hermes-stable:437694
[    1598ms] [INFO] [INFO] [AI Debug] Context initialized @ http://localhost:8090/app/entry.ts.bundle?platform=web&dev=true&hot=false&lazy=true&transform.engine=hermes&transform.routerRoot=.%2Fapp&unstable_transformProfile=hermes-stable:211137
[    1599ms] [INFO] [INFO] [Boring Build] All optional systems disabled via feature flags @ http://localhost:8090/app/entry.ts.bundle?platform=web&dev=true&hot=false&lazy=true&transform.engine=hermes&transform.routerRoot=.%2Fapp&unstable_transformProfile=hermes-stable:211137
[    1603ms] [LOG] [Boot] layout_start (251ms)  @ http://localhost:8090/app/entry.ts.bundle?platform=web&dev=true&hot=false&lazy=true&transform.engine=hermes&transform.routerRoot=.%2Fapp&unstable_transformProfile=hermes-stable:595440
[    1605ms] [LOG] [DEBUG] Current segments: {segments: Array(2)} @ http://localhost:8090/app/entry.ts.bundle?platform=web&dev=true&hot=false&lazy=true&transform.engine=hermes&transform.routerRoot=.%2Fapp&unstable_transformProfile=hermes-stable:211135
[    1607ms] [LOG] [DEBUG] Stats bar decision: {showStatsBar: true, isOnboarding: false, isMainGame: true, currentPath: (tabs)/home, isInOnboardingPath: false} @ http://localhost:8090/app/entry.ts.bundle?platform=web&dev=true&hot=false&lazy=true&transform.engine=hermes&transform.routerRoot=.%2Fapp&unstable_transformProfile=hermes-stable:211135
[    1620ms] [ERROR] [ERROR] Failed to load purchases: {error: Error: Unsupported platform: web
    at unsupportedPlatformError (http://localhost:8090/app/entry.t…} @ http://localhost:8090/app/entry.ts.bundle?platform=web&dev=true&hot=false&lazy=true&transform.engine=hermes&transform.routerRoot=.%2Fapp&unstable_transformProfile=hermes-stable:1544
[    1623ms] [LOG] [Boot] first_screen_visible (272ms)  @ http://localhost:8090/app/entry.ts.bundle?platform=web&dev=true&hot=false&lazy=true&transform.engine=hermes&transform.routerRoot=.%2Fapp&unstable_transformProfile=hermes-stable:595440
[    1624ms] [LOG] [Boot] app_ready (272ms)  @ http://localhost:8090/app/entry.ts.bundle?platform=web&dev=true&hot=false&lazy=true&transform.engine=hermes&transform.routerRoot=.%2Fapp&unstable_transformProfile=hermes-stable:595440
[    1624ms] [INFO] [INFO] [CircuitBreaker] Startup success recorded, circuit reset @ http://localhost:8090/app/entry.ts.bundle?platform=web&dev=true&hot=false&lazy=true&transform.engine=hermes&transform.routerRoot=.%2Fapp&unstable_transformProfile=hermes-stable:211137
[    1633ms] [LOG] [DEBUG] [TutorialManager] State: {showTutorial: false, stepsCount: 0, currentTutorialStep: 0, hasCurrentStep: false} @ http://localhost:8090/app/entry.ts.bundle?platform=web&dev=true&hot=false&lazy=true&transform.engine=hermes&transform.routerRoot=.%2Fapp&unstable_transformProfile=hermes-stable:211135
[    1634ms] [LOG] [DEBUG] [TutorialManager] shouldShowModal: {shouldShowModal: false} @ http://localhost:8090/app/entry.ts.bundle?platform=web&dev=true&hot=false&lazy=true&transform.engine=hermes&transform.routerRoot=.%2Fapp&unstable_transformProfile=hermes-stable:211135
[    1855ms] [LOG] === Native Module Audit Report === @ http://localhost:8090/app/entry.ts.bundle?platform=web&dev=true&hot=false&lazy=true&transform.engine=hermes&transform.routerRoot=.%2Fapp&unstable_transformProfile=hermes-stable:620218
[    1855ms] [LOG] iOS Version: Unknown @ http://localhost:8090/app/entry.ts.bundle?platform=web&dev=true&hot=false&lazy=true&transform.engine=hermes&transform.routerRoot=.%2Fapp&unstable_transformProfile=hermes-stable:620219
[    1855ms] [LOG] iOS 26 Beta: No @ http://localhost:8090/app/entry.ts.bundle?platform=web&dev=true&hot=false&lazy=true&transform.engine=hermes&transform.routerRoot=.%2Fapp&unstable_transformProfile=hermes-stable:620220
[    1855ms] [LOG] 
Summary: @ http://localhost:8090/app/entry.ts.bundle?platform=web&dev=true&hot=false&lazy=true&transform.engine=hermes&transform.routerRoot=.%2Fapp&unstable_transformProfile=hermes-stable:620221
[    1855ms] [LOG]   Total modules: 12 @ http://localhost:8090/app/entry.ts.bundle?platform=web&dev=true&hot=false&lazy=true&transform.engine=hermes&transform.routerRoot=.%2Fapp&unstable_transformProfile=hermes-stable:620222
[    1855ms] [LOG]   Linked: 1 @ http://localhost:8090/app/entry.ts.bundle?platform=web&dev=true&hot=false&lazy=true&transform.engine=hermes&transform.routerRoot=.%2Fapp&unstable_transformProfile=hermes-stable:620223
[    1855ms] [LOG]   TurboModules: 1 @ http://localhost:8090/app/entry.ts.bundle?platform=web&dev=true&hot=false&lazy=true&transform.engine=hermes&transform.routerRoot=.%2Fapp&unstable_transformProfile=hermes-stable:620224
[    1855ms] [LOG]   Compatible: 9 @ http://localhost:8090/app/entry.ts.bundle?platform=web&dev=true&hot=false&lazy=true&transform.engine=hermes&transform.routerRoot=.%2Fapp&unstable_transformProfile=hermes-stable:620225
[    1855ms] [LOG]   Incompatible: 0 @ http://localhost:8090/app/entry.ts.bundle?platform=web&dev=true&hot=false&lazy=true&transform.engine=hermes&transform.routerRoot=.%2Fapp&unstable_transformProfile=hermes-stable:620226
[    1855ms] [LOG]   Unavailable: 11 @ http://localhost:8090/app/entry.ts.bundle?platform=web&dev=true&hot=false&lazy=true&transform.engine=hermes&transform.routerRoot=.%2Fapp&unstable_transformProfile=hermes-stable:620227
[    1855ms] [LOG]   Errors: 0 @ http://localhost:8090/app/entry.ts.bundle?platform=web&dev=true&hot=false&lazy=true&transform.engine=hermes&transform.routerRoot=.%2Fapp&unstable_transformProfile=hermes-stable:620228
[    1855ms] [LOG] 
Module Details: @ http://localhost:8090/app/entry.ts.bundle?platform=web&dev=true&hot=false&lazy=true&transform.engine=hermes&transform.routerRoot=.%2Fapp&unstable_transformProfile=hermes-stable:620229
[    1855ms] [LOG]   expo-splash-screen: @ http://localhost:8090/app/entry.ts.bundle?platform=web&dev=true&hot=false&lazy=true&transform.engine=hermes&transform.routerRoot=.%2Fapp&unstable_transformProfile=hermes-stable:620231
[    1855ms] [LOG]     Linked: false @ http://localhost:8090/app/entry.ts.bundle?platform=web&dev=true&hot=false&lazy=true&transform.engine=hermes&transform.routerRoot=.%2Fapp&unstable_transformProfile=hermes-stable:620232
[    1855ms] [LOG]     TurboModule: false @ http://localhost:8090/app/entry.ts.bundle?platform=web&dev=true&hot=false&lazy=true&transform.engine=hermes&transform.routerRoot=.%2Fapp&unstable_transformProfile=hermes-stable:620233
[    1855ms] [LOG]     Status: unavailable @ http://localhost:8090/app/entry.ts.bundle?platform=web&dev=true&hot=false&lazy=true&transform.engine=hermes&transform.routerRoot=.%2Fapp&unstable_transformProfile=hermes-stable:620234
[    1855ms] [LOG]     iOS Compatible: true @ http://localhost:8090/app/entry.ts.bundle?platform=web&dev=true&hot=false&lazy=true&transform.engine=hermes&transform.routerRoot=.%2Fapp&unstable_transformProfile=hermes-stable:620236
[    1855ms] [LOG]   expo-status-bar: @ http://localhost:8090/app/entry.ts.bundle?platform=web&dev=true&hot=false&lazy=true&transform.engine=hermes&transform.routerRoot=.%2Fapp&unstable_transformProfile=hermes-stable:620231
[    1855ms] [LOG]     Linked: false @ http://localhost:8090/app/entry.ts.bundle?platform=web&dev=true&hot=false&lazy=true&transform.engine=hermes&transform.routerRoot=.%2Fapp&unstable_transformProfile=hermes-stable:620232
[    1855ms] [LOG]     TurboModule: false @ http://localhost:8090/app/entry.ts.bundle?platform=web&dev=true&hot=false&lazy=true&transform.engine=hermes&transform.routerRoot=.%2Fapp&unstable_transformProfile=hermes-stable:620233
[    1855ms] [LOG]     Status: unavailable @ http://localhost:8090/app/entry.ts.bundle?platform=web&dev=true&hot=false&lazy=true&transform.engine=hermes&transform.routerRoot=.%2Fapp&unstable_transformProfile=hermes-stable:620234
[    1855ms] [LOG]     iOS Compatible: true @ http://localhost:8090/app/entry.ts.bundle?platform=web&dev=true&hot=false&lazy=true&transform.engine=hermes&transform.routerRoot=.%2Fapp&unstable_transformProfile=hermes-stable:620236
[    1855ms] [LOG]   expo-haptics: @ http://localhost:8090/app/entry.ts.bundle?platform=web&dev=true&hot=false&lazy=true&transform.engine=hermes&transform.routerRoot=.%2Fapp&unstable_transformProfile=hermes-stable:620231
[    1855ms] [LOG]     Linked: false @ http://localhost:8090/app/entry.ts.bundle?platform=web&dev=true&hot=false&lazy=true&transform.engine=hermes&transform.routerRoot=.%2Fapp&unstable_transformProfile=hermes-stable:620232
[    1855ms] [LOG]     TurboModule: false @ http://localhost:8090/app/entry.ts.bundle?platform=web&dev=true&hot=false&lazy=true&transform.engine=hermes&transform.routerRoot=.%2Fapp&unstable_transformProfile=hermes-stable:620233
[    1856ms] [LOG]     Status: unavailable @ http://localhost:8090/app/entry.ts.bundle?platform=web&dev=true&hot=false&lazy=true&transform.engine=hermes&transform.routerRoot=.%2Fapp&unstable_transformProfile=hermes-stable:620234
[    1856ms] [LOG]     iOS Compatible: true @ http://localhost:8090/app/entry.ts.bundle?platform=web&dev=true&hot=false&lazy=true&transform.engine=hermes&transform.routerRoot=.%2Fapp&unstable_transformProfile=hermes-stable:620236
[    1856ms] [LOG]   expo-clipboard: @ http://localhost:8090/app/entry.ts.bundle?platform=web&dev=true&hot=false&lazy=true&transform.engine=hermes&transform.routerRoot=.%2Fapp&unstable_transformProfile=hermes-stable:620231
[    1856ms] [LOG]     Linked: false @ http://localhost:8090/app/entry.ts.bundle?platform=web&dev=true&hot=false&lazy=true&transform.engine=hermes&transform.routerRoot=.%2Fapp&unstable_transformProfile=hermes-stable:620232
[    1856ms] [LOG]     TurboModule: false @ http://localhost:8090/app/entry.ts.bundle?platform=web&dev=true&hot=false&lazy=true&transform.engine=hermes&transform.routerRoot=.%2Fapp&unstable_transformProfile=hermes-stable:620233
[    1856ms] [LOG]     Status: unavailable @ http://localhost:8090/app/entry.ts.bundle?platform=web&dev=true&hot=false&lazy=true&transform.engine=hermes&transform.routerRoot=.%2Fapp&unstable_transformProfile=hermes-stable:620234
[    1856ms] [LOG]     iOS Compatible: true @ http://localhost:8090/app/entry.ts.bundle?platform=web&dev=true&hot=false&lazy=true&transform.engine=hermes&transform.routerRoot=.%2Fapp&unstable_transformProfile=hermes-stable:620236
[    1856ms] [LOG]   expo-constants: @ http://localhost:8090/app/entry.ts.bundle?platform=web&dev=true&hot=false&lazy=true&transform.engine=hermes&transform.routerRoot=.%2Fapp&unstable_transformProfile=hermes-stable:620231
[    1856ms] [LOG]     Linked: false @ http://localhost:8090/app/entry.ts.bundle?platform=web&dev=true&hot=false&lazy=true&transform.engine=hermes&transform.routerRoot=.%2Fapp&unstable_transformProfile=hermes-stable:620232
[    1856ms] [LOG]     TurboModule: false @ http://localhost:8090/app/entry.ts.bundle?platform=web&dev=true&hot=false&lazy=true&transform.engine=hermes&transform.routerRoot=.%2Fapp&unstable_transformProfile=hermes-stable:620233
[    1856ms] [LOG]     Status: unavailable @ http://localhost:8090/app/entry.ts.bundle?platform=web&dev=true&hot=false&lazy=true&transform.engine=hermes&transform.routerRoot=.%2Fapp&unstable_transformProfile=hermes-stable:620234
[    1856ms] [LOG]     iOS Compatible: true @ http://localhost:8090/app/entry.ts.bundle?platform=web&dev=true&hot=false&lazy=true&transform.engine=hermes&transform.routerRoot=.%2Fapp&unstable_transformProfile=hermes-stable:620236
[    1856ms] [LOG]   expo-linear-gradient: @ http://localhost:8090/app/entry.ts.bundle?platform=web&dev=true&hot=false&lazy=true&transform.engine=hermes&transform.routerRoot=.%2Fapp&unstable_transformProfile=hermes-stable:620231
[    1856ms] [LOG]     Linked: false @ http://localhost:8090/app/entry.ts.bundle?platform=web&dev=true&hot=false&lazy=true&transform.engine=hermes&transform.routerRoot=.%2Fapp&unstable_transformProfile=hermes-stable:620232
[    1856ms] [LOG]     TurboModule: false @ http://localhost:8090/app/entry.ts.bundle?platform=web&dev=true&hot=false&lazy=true&transform.engine=hermes&transform.routerRoot=.%2Fapp&unstable_transformProfile=hermes-stable:620233
[    1856ms] [LOG]     Status: unavailable @ http://localhost:8090/app/entry.ts.bundle?platform=web&dev=true&hot=false&lazy=true&transform.engine=hermes&transform.routerRoot=.%2Fapp&unstable_transformProfile=hermes-stable:620234
[    1856ms] [LOG]     iOS Compatible: true @ http://localhost:8090/app/entry.ts.bundle?platform=web&dev=true&hot=false&lazy=true&transform.engine=hermes&transform.routerRoot=.%2Fapp&unstable_transformProfile=hermes-stable:620236
[    1856ms] [LOG]   @react-native-community/netinfo: @ http://localhost:8090/app/entry.ts.bundle?platform=web&dev=true&hot=false&lazy=true&transform.engine=hermes&transform.routerRoot=.%2Fapp&unstable_transformProfile=hermes-stable:620231
[    1856ms] [LOG]     Linked: false @ http://localhost:8090/app/entry.ts.bundle?platform=web&dev=true&hot=false&lazy=true&transform.engine=hermes&transform.routerRoot=.%2Fapp&unstable_transformProfile=hermes-stable:620232
[    1856ms] [LOG]     TurboModule: false @ http://localhost:8090/app/entry.ts.bundle?platform=web&dev=true&hot=false&lazy=true&transform.engine=hermes&transform.routerRoot=.%2Fapp&unstable_transformProfile=hermes-stable:620233
[    1856ms] [LOG]     Status: unavailable @ http://localhost:8090/app/entry.ts.bundle?platform=web&dev=true&hot=false&lazy=true&transform.engine=hermes&transform.routerRoot=.%2Fapp&unstable_transformProfile=hermes-stable:620234
[    1856ms] [LOG]     iOS Compatible: true @ http://localhost:8090/app/entry.ts.bundle?platform=web&dev=true&hot=false&lazy=true&transform.engine=hermes&transform.routerRoot=.%2Fapp&unstable_transformProfile=hermes-stable:620236
[    1856ms] [LOG]   react-native-gesture-handler: @ http://localhost:8090/app/entry.ts.bundle?platform=web&dev=true&hot=false&lazy=true&transform.engine=hermes&transform.routerRoot=.%2Fapp&unstable_transformProfile=hermes-stable:620231
[    1856ms] [LOG]     Linked: false @ http://localhost:8090/app/entry.ts.bundle?platform=web&dev=true&hot=false&lazy=true&transform.engine=hermes&transform.routerRoot=.%2Fapp&unstable_transformProfile=hermes-stable:620232
[    1856ms] [LOG]     TurboModule: false @ http://localhost:8090/app/entry.ts.bundle?platform=web&dev=true&hot=false&lazy=true&transform.engine=hermes&transform.routerRoot=.%2Fapp&unstable_transformProfile=hermes-stable:620233
[    1856ms] [LOG]     Status: unavailable @ http://localhost:8090/app/entry.ts.bundle?platform=web&dev=true&hot=false&lazy=true&transform.engine=hermes&transform.routerRoot=.%2Fapp&unstable_transformProfile=hermes-stable:620234
[    1856ms] [LOG]     iOS Compatible: true @ http://localhost:8090/app/entry.ts.bundle?platform=web&dev=true&hot=false&lazy=true&transform.engine=hermes&transform.routerRoot=.%2Fapp&unstable_transformProfile=hermes-stable:620236
[    1856ms] [LOG]   react-native-screens: @ http://localhost:8090/app/entry.ts.bundle?platform=web&dev=true&hot=false&lazy=true&transform.engine=hermes&transform.routerRoot=.%2Fapp&unstable_transformProfile=hermes-stable:620231
[    1856ms] [LOG]     Linked: false @ http://localhost:8090/app/entry.ts.bundle?platform=web&dev=true&hot=false&lazy=true&transform.engine=hermes&transform.routerRoot=.%2Fapp&unstable_transformProfile=hermes-stable:620232
[    1856ms] [LOG]     TurboModule: false @ http://localhost:8090/app/entry.ts.bundle?platform=web&dev=true&hot=false&lazy=true&transform.engine=hermes&transform.routerRoot=.%2Fapp&unstable_transformProfile=hermes-stable:620233
[    1856ms] [LOG]     Status: unavailable @ http://localhost:8090/app/entry.ts.bundle?platform=web&dev=true&hot=false&lazy=true&transform.engine=hermes&transform.routerRoot=.%2Fapp&unstable_transformProfile=hermes-stable:620234
[    1856ms] [LOG]     iOS Compatible: true @ http://localhost:8090/app/entry.ts.bundle?platform=web&dev=true&hot=false&lazy=true&transform.engine=hermes&transform.routerRoot=.%2Fapp&unstable_transformProfile=hermes-stable:620236
[    1856ms] [LOG]   ExceptionsManager: @ http://localhost:8090/app/entry.ts.bundle?platform=web&dev=true&hot=false&lazy=true&transform.engine=hermes&transform.routerRoot=.%2Fapp&unstable_transformProfile=hermes-stable:620231
[    1856ms] [LOG]     Linked: false @ http://localhost:8090/app/entry.ts.bundle?platform=web&dev=true&hot=false&lazy=true&transform.engine=hermes&transform.routerRoot=.%2Fapp&unstable_transformProfile=hermes-stable:620232
[    1856ms] [LOG]     TurboModule: false @ http://localhost:8090/app/entry.ts.bundle?platform=web&dev=true&hot=false&lazy=true&transform.engine=hermes&transform.routerRoot=.%2Fapp&unstable_transformProfile=hermes-stable:620233
[    1856ms] [LOG]     Status: unavailable @ http://localhost:8090/app/entry.ts.bundle?platform=web&dev=true&hot=false&lazy=true&transform.engine=hermes&transform.routerRoot=.%2Fapp&unstable_transformProfile=hermes-stable:620234
[    1856ms] [LOG]   PlatformConstants: @ http://localhost:8090/app/entry.ts.bundle?platform=web&dev=true&hot=false&lazy=true&transform.engine=hermes&transform.routerRoot=.%2Fapp&unstable_transformProfile=hermes-stable:620231
[    1856ms] [LOG]     Linked: false @ http://localhost:8090/app/entry.ts.bundle?platform=web&dev=true&hot=false&lazy=true&transform.engine=hermes&transform.routerRoot=.%2Fapp&unstable_transformProfile=hermes-stable:620232
[    1856ms] [LOG]     TurboModule: false @ http://localhost:8090/app/entry.ts.bundle?platform=web&dev=true&hot=false&lazy=true&transform.engine=hermes&transform.routerRoot=.%2Fapp&unstable_transformProfile=hermes-stable:620233
[    1856ms] [LOG]     Status: unavailable @ http://localhost:8090/app/entry.ts.bundle?platform=web&dev=true&hot=false&lazy=true&transform.engine=hermes&transform.routerRoot=.%2Fapp&unstable_transformProfile=hermes-stable:620234
[    1856ms] [LOG]   UIManager: @ http://localhost:8090/app/entry.ts.bundle?platform=web&dev=true&hot=false&lazy=true&transform.engine=hermes&transform.routerRoot=.%2Fapp&unstable_transformProfile=hermes-stable:620231
[    1856ms] [LOG]     Linked: true @ http://localhost:8090/app/entry.ts.bundle?platform=web&dev=true&hot=false&lazy=true&transform.engine=hermes&transform.routerRoot=.%2Fapp&unstable_transformProfile=hermes-stable:620232
[    1856ms] [LOG]     TurboModule: true @ http://localhost:8090/app/entry.ts.bundle?platform=web&dev=true&hot=false&lazy=true&transform.engine=hermes&transform.routerRoot=.%2Fapp&unstable_transformProfile=hermes-stable:620233
[    1856ms] [LOG]     Status: available @ http://localhost:8090/app/entry.ts.bundle?platform=web&dev=true&hot=false&lazy=true&transform.engine=hermes&transform.routerRoot=.%2Fapp&unstable_transformProfile=hermes-stable:620234
[    1857ms] [LOG] === End Audit Report === @ http://localhost:8090/app/entry.ts.bundle?platform=web&dev=true&hot=false&lazy=true&transform.engine=hermes&transform.routerRoot=.%2Fapp&unstable_transformProfile=hermes-stable:620245
[    2254ms] [LOG] === Startup Performance Analysis === @ :1648
[    2254ms] [LOG] Total startup time: 272ms @ :1649
[    2254ms] [LOG] 
Stage Breakdown: @ :1650
[    2254ms] [LOG]   layout_error_handlers_setup: 232ms (85.3%) @ :1652
[    2254ms] [LOG]   layout_start: 21ms (7.7%) @ :1652
[    2254ms] [LOG]   layout_init_start: 12ms (4.4%) @ :1652
[    2254ms] [LOG]   layout_providers_init: 7ms (2.6%) @ :1652
[    2254ms] [LOG]   first_screen_visible: 0ms (0.0%) @ :1652
[    2254ms] [LOG]   app_ready: 0ms (0.0%) @ :1652
[    2254ms] [LOG] 
Critical Path: layout_error_handlers_setup → layout_start → layout_init_start @ :1654
[    2255ms] [LOG] 
Bottlenecks: @ :1656
[    2255ms] [LOG]   layout_error_handlers_setup: 232ms (threshold: 10ms) - CRITICAL @ :1658
[    2255ms] [LOG] 
Recommendations: @ :1662
[    2255ms] [LOG]   • Critical bottlenecks detected: layout_error_handlers_setup @ :1663
[    2255ms] [LOG] === End Performance Analysis === @ :1665
[   63287ms] [ERROR] In HTML, %s cannot be a descendant of <%s>.
This will cause a hydration error.%s <button> button 

  ...
    <Suspense fallback={<SuspenseFallback>}>
      <TabLayout(./(tabs)/_layout.tsx) segment="(tabs)">
        <View style={{flex:1}}>
          <div dir={null} ref={function forwardRef} className="css-view-g..." style={{flex:1}}>
            <BottomTabNavigator>
            <SmartNotificationTicker>
            <PremiumPassPromo>
            <StatChangeIndicator>
            <AdRewardOrb>
              <View pointerEvents="box-none" style={[...]} collapsable={false} ref={function}>
                <div dir={null} ref={function forwardRef} className="css-view-g..." style={{top:"42%", ...}}>
                  <View style={[...]} collapsable={false} ref={function}>
                    <div dir={null} ref={function forwardRef} className="css-view-g..." style={{...}}>
                      <Pressable onPress={function} accessibilityRole="button" accessibilityLabel="Watch an a..." ...>
                        <View accessibilityRole="button" accessibilityLabel="Watch an a..." ...>
>                         <button
>                           onKeyDown={function}
>                           onClick={function onClick}
>                           onContextMenu={function}
>                           onBlur={function}
>                           onFocus={function}
>                           dir={null}
>                           ref={function forwardRef}
>                           aria-label="Watch an ad to earn $1,000"
>                           role="button"
>                           tabIndex={0}
>                           className="css-view-g5y9jx r-cursor-1loqt21 r-touchAction-1otgn73 r-alignItems-1awozwy r-b..."
>                           type="button"
>                         >
                            <Gradient>
                            <View>
                            <Pressable onPress={function} hitSlop={10} accessibilityRole="button" ...>
                              <View hitSlop={10} accessibilityRole="button" accessibilityLabel="Dismiss" ...>
>                               <button
>                                 onKeyDown={function}
>                                 onClick={function onClick}
>                                 onContextMenu={function}
>                                 onBlur={function}
>                                 onFocus={function}
>                                 dir={null}
>                                 ref={function forwardRef}
>                                 aria-label="Dismiss"
>                                 role="button"
>                                 tabIndex={0}
>                                 className="css-view-g5y9jx r-cursor-1loqt21 r-touchAction-1otgn73 r-alignItems-1awoz..."
>                                 type="button"
>                               >
              ...
 @ http://localhost:8090/app/entry.ts.bundle?platform=web&dev=true&hot=false&lazy=true&transform.engine=hermes&transform.routerRoot=.%2Fapp&unstable_transformProfile=hermes-stable:1544
[   63287ms] [ERROR] <%s> cannot contain a nested %s.
See this log for the ancestor stack trace. button <button> @ http://localhost:8090/app/entry.ts.bundle?platform=web&dev=true&hot=false&lazy=true&transform.engine=hermes&transform.routerRoot=.%2Fapp&unstable_transformProfile=hermes-stable:1544
[  121597ms] [LOG] [DEBUG] Skipping save: no life started yet (pristine initial state) @ http://localhost:8090/app/entry.ts.bundle?platform=web&dev=true&hot=false&lazy=true&transform.engine=hermes&transform.routerRoot=.%2Fapp&unstable_transformProfile=hermes-stable:211137
[  121598ms] [LOG] [DEBUG] Periodic auto-save completed @ http://localhost:8090/app/entry.ts.bundle?platform=web&dev=true&hot=false&lazy=true&transform.engine=hermes&transform.routerRoot=.%2Fapp&unstable_transformProfile=hermes-stable:211137
[  241600ms] [LOG] [DEBUG] Skipping save: no life started yet (pristine initial state) @ http://localhost:8090/app/entry.ts.bundle?platform=web&dev=true&hot=false&lazy=true&transform.engine=hermes&transform.routerRoot=.%2Fapp&unstable_transformProfile=hermes-stable:211137
[  241601ms] [LOG] [DEBUG] Periodic auto-save completed @ http://localhost:8090/app/entry.ts.bundle?platform=web&dev=true&hot=false&lazy=true&transform.engine=hermes&transform.routerRoot=.%2Fapp&unstable_transformProfile=hermes-stable:211137
[  361597ms] [LOG] [DEBUG] Skipping save: no life started yet (pristine initial state) @ http://localhost:8090/app/entry.ts.bundle?platform=web&dev=true&hot=false&lazy=true&transform.engine=hermes&transform.routerRoot=.%2Fapp&unstable_transformProfile=hermes-stable:211137
[  361597ms] [LOG] [DEBUG] Periodic auto-save completed @ http://localhost:8090/app/entry.ts.bundle?platform=web&dev=true&hot=false&lazy=true&transform.engine=hermes&transform.routerRoot=.%2Fapp&unstable_transformProfile=hermes-stable:211137
[  481601ms] [LOG] [DEBUG] Skipping save: no life started yet (pristine initial state) @ http://localhost:8090/app/entry.ts.bundle?platform=web&dev=true&hot=false&lazy=true&transform.engine=hermes&transform.routerRoot=.%2Fapp&unstable_transformProfile=hermes-stable:211137
[  481601ms] [LOG] [DEBUG] Periodic auto-save completed @ http://localhost:8090/app/entry.ts.bundle?platform=web&dev=true&hot=false&lazy=true&transform.engine=hermes&transform.routerRoot=.%2Fapp&unstable_transformProfile=hermes-stable:211137
[  601597ms] [LOG] [DEBUG] Skipping save: no life started yet (pristine initial state) @ http://localhost:8090/app/entry.ts.bundle?platform=web&dev=true&hot=false&lazy=true&transform.engine=hermes&transform.routerRoot=.%2Fapp&unstable_transformProfile=hermes-stable:211137
[  601598ms] [LOG] [DEBUG] Periodic auto-save completed @ http://localhost:8090/app/entry.ts.bundle?platform=web&dev=true&hot=false&lazy=true&transform.engine=hermes&transform.routerRoot=.%2Fapp&unstable_transformProfile=hermes-stable:211137
[  721595ms] [LOG] [DEBUG] Skipping save: no life started yet (pristine initial state) @ http://localhost:8090/app/entry.ts.bundle?platform=web&dev=true&hot=false&lazy=true&transform.engine=hermes&transform.routerRoot=.%2Fapp&unstable_transformProfile=hermes-stable:211137
[  721596ms] [LOG] [DEBUG] Periodic auto-save completed @ http://localhost:8090/app/entry.ts.bundle?platform=web&dev=true&hot=false&lazy=true&transform.engine=hermes&transform.routerRoot=.%2Fapp&unstable_transformProfile=hermes-stable:211137
[  841596ms] [LOG] [DEBUG] Skipping save: no life started yet (pristine initial state) @ http://localhost:8090/app/entry.ts.bundle?platform=web&dev=true&hot=false&lazy=true&transform.engine=hermes&transform.routerRoot=.%2Fapp&unstable_transformProfile=hermes-stable:211137
[  841596ms] [LOG] [DEBUG] Periodic auto-save completed @ http://localhost:8090/app/entry.ts.bundle?platform=web&dev=true&hot=false&lazy=true&transform.engine=hermes&transform.routerRoot=.%2Fapp&unstable_transformProfile=hermes-stable:211137
[  961597ms] [LOG] [DEBUG] Skipping save: no life started yet (pristine initial state) @ http://localhost:8090/app/entry.ts.bundle?platform=web&dev=true&hot=false&lazy=true&transform.engine=hermes&transform.routerRoot=.%2Fapp&unstable_transformProfile=hermes-stable:211137
[  961598ms] [LOG] [DEBUG] Periodic auto-save completed @ http://localhost:8090/app/entry.ts.bundle?platform=web&dev=true&hot=false&lazy=true&transform.engine=hermes&transform.routerRoot=.%2Fapp&unstable_transformProfile=hermes-stable:211137
[ 1081597ms] [LOG] [DEBUG] Skipping save: no life started yet (pristine initial state) @ http://localhost:8090/app/entry.ts.bundle?platform=web&dev=true&hot=false&lazy=true&transform.engine=hermes&transform.routerRoot=.%2Fapp&unstable_transformProfile=hermes-stable:211137
[ 1081598ms] [LOG] [DEBUG] Periodic auto-save completed @ http://localhost:8090/app/entry.ts.bundle?platform=web&dev=true&hot=false&lazy=true&transform.engine=hermes&transform.routerRoot=.%2Fapp&unstable_transformProfile=hermes-stable:211137
[ 1201596ms] [LOG] [DEBUG] Skipping save: no life started yet (pristine initial state) @ http://localhost:8090/app/entry.ts.bundle?platform=web&dev=true&hot=false&lazy=true&transform.engine=hermes&transform.routerRoot=.%2Fapp&unstable_transformProfile=hermes-stable:211137
[ 1201597ms] [LOG] [DEBUG] Periodic auto-save completed @ http://localhost:8090/app/entry.ts.bundle?platform=web&dev=true&hot=false&lazy=true&transform.engine=hermes&transform.routerRoot=.%2Fapp&unstable_transformProfile=hermes-stable:211137
[ 1321597ms] [LOG] [DEBUG] Skipping save: no life started yet (pristine initial state) @ http://localhost:8090/app/entry.ts.bundle?platform=web&dev=true&hot=false&lazy=true&transform.engine=hermes&transform.routerRoot=.%2Fapp&unstable_transformProfile=hermes-stable:211137
[ 1321597ms] [LOG] [DEBUG] Periodic auto-save completed @ http://localhost:8090/app/entry.ts.bundle?platform=web&dev=true&hot=false&lazy=true&transform.engine=hermes&transform.routerRoot=.%2Fapp&unstable_transformProfile=hermes-stable:211137
[ 1441605ms] [LOG] [DEBUG] Skipping save: no life started yet (pristine initial state) @ http://localhost:8090/app/entry.ts.bundle?platform=web&dev=true&hot=false&lazy=true&transform.engine=hermes&transform.routerRoot=.%2Fapp&unstable_transformProfile=hermes-stable:211137
[ 1441605ms] [LOG] [DEBUG] Periodic auto-save completed @ http://localhost:8090/app/entry.ts.bundle?platform=web&dev=true&hot=false&lazy=true&transform.engine=hermes&transform.routerRoot=.%2Fapp&unstable_transformProfile=hermes-stable:211137
[ 1561598ms] [LOG] [DEBUG] Skipping save: no life started yet (pristine initial state) @ http://localhost:8090/app/entry.ts.bundle?platform=web&dev=true&hot=false&lazy=true&transform.engine=hermes&transform.routerRoot=.%2Fapp&unstable_transformProfile=hermes-stable:211137
[ 1561598ms] [LOG] [DEBUG] Periodic auto-save completed @ http://localhost:8090/app/entry.ts.bundle?platform=web&dev=true&hot=false&lazy=true&transform.engine=hermes&transform.routerRoot=.%2Fapp&unstable_transformProfile=hermes-stable:211137
[ 1681596ms] [LOG] [DEBUG] Skipping save: no life started yet (pristine initial state) @ http://localhost:8090/app/entry.ts.bundle?platform=web&dev=true&hot=false&lazy=true&transform.engine=hermes&transform.routerRoot=.%2Fapp&unstable_transformProfile=hermes-stable:211137
[ 1681596ms] [LOG] [DEBUG] Periodic auto-save completed @ http://localhost:8090/app/entry.ts.bundle?platform=web&dev=true&hot=false&lazy=true&transform.engine=hermes&transform.routerRoot=.%2Fapp&unstable_transformProfile=hermes-stable:211137
[ 1801596ms] [LOG] [DEBUG] Skipping save: no life started yet (pristine initial state) @ http://localhost:8090/app/entry.ts.bundle?platform=web&dev=true&hot=false&lazy=true&transform.engine=hermes&transform.routerRoot=.%2Fapp&unstable_transformProfile=hermes-stable:211137
[ 1801596ms] [LOG] [DEBUG] Periodic auto-save completed @ http://localhost:8090/app/entry.ts.bundle?platform=web&dev=true&hot=false&lazy=true&transform.engine=hermes&transform.routerRoot=.%2Fapp&unstable_transformProfile=hermes-stable:211137
[ 1921597ms] [LOG] [DEBUG] Skipping save: no life started yet (pristine initial state) @ http://localhost:8090/app/entry.ts.bundle?platform=web&dev=true&hot=false&lazy=true&transform.engine=hermes&transform.routerRoot=.%2Fapp&unstable_transformProfile=hermes-stable:211137
[ 1921598ms] [LOG] [DEBUG] Periodic auto-save completed @ http://localhost:8090/app/entry.ts.bundle?platform=web&dev=true&hot=false&lazy=true&transform.engine=hermes&transform.routerRoot=.%2Fapp&unstable_transformProfile=hermes-stable:211137
[ 2041597ms] [LOG] [DEBUG] Skipping save: no life started yet (pristine initial state) @ http://localhost:8090/app/entry.ts.bundle?platform=web&dev=true&hot=false&lazy=true&transform.engine=hermes&transform.routerRoot=.%2Fapp&unstable_transformProfile=hermes-stable:211137
[ 2041598ms] [LOG] [DEBUG] Periodic auto-save completed @ http://localhost:8090/app/entry.ts.bundle?platform=web&dev=true&hot=false&lazy=true&transform.engine=hermes&transform.routerRoot=.%2Fapp&unstable_transformProfile=hermes-stable:211137
[ 2161599ms] [LOG] [DEBUG] Skipping save: no life started yet (pristine initial state) @ http://localhost:8090/app/entry.ts.bundle?platform=web&dev=true&hot=false&lazy=true&transform.engine=hermes&transform.routerRoot=.%2Fapp&unstable_transformProfile=hermes-stable:211137
[ 2161599ms] [LOG] [DEBUG] Periodic auto-save completed @ http://localhost:8090/app/entry.ts.bundle?platform=web&dev=true&hot=false&lazy=true&transform.engine=hermes&transform.routerRoot=.%2Fapp&unstable_transformProfile=hermes-stable:211137
[ 2281597ms] [LOG] [DEBUG] Skipping save: no life started yet (pristine initial state) @ http://localhost:8090/app/entry.ts.bundle?platform=web&dev=true&hot=false&lazy=true&transform.engine=hermes&transform.routerRoot=.%2Fapp&unstable_transformProfile=hermes-stable:211137
[ 2281597ms] [LOG] [DEBUG] Periodic auto-save completed @ http://localhost:8090/app/entry.ts.bundle?platform=web&dev=true&hot=false&lazy=true&transform.engine=hermes&transform.routerRoot=.%2Fapp&unstable_transformProfile=hermes-stable:211137
[ 2401597ms] [LOG] [DEBUG] Skipping save: no life started yet (pristine initial state) @ http://localhost:8090/app/entry.ts.bundle?platform=web&dev=true&hot=false&lazy=true&transform.engine=hermes&transform.routerRoot=.%2Fapp&unstable_transformProfile=hermes-stable:211137
[ 2401597ms] [LOG] [DEBUG] Periodic auto-save completed @ http://localhost:8090/app/entry.ts.bundle?platform=web&dev=true&hot=false&lazy=true&transform.engine=hermes&transform.routerRoot=.%2Fapp&unstable_transformProfile=hermes-stable:211137
[ 2521597ms] [LOG] [DEBUG] Skipping save: no life started yet (pristine initial state) @ http://localhost:8090/app/entry.ts.bundle?platform=web&dev=true&hot=false&lazy=true&transform.engine=hermes&transform.routerRoot=.%2Fapp&unstable_transformProfile=hermes-stable:211137
[ 2521598ms] [LOG] [DEBUG] Periodic auto-save completed @ http://localhost:8090/app/entry.ts.bundle?platform=web&dev=true&hot=false&lazy=true&transform.engine=hermes&transform.routerRoot=.%2Fapp&unstable_transformProfile=hermes-stable:211137
[ 2641598ms] [LOG] [DEBUG] Skipping save: no life started yet (pristine initial state) @ http://localhost:8090/app/entry.ts.bundle?platform=web&dev=true&hot=false&lazy=true&transform.engine=hermes&transform.routerRoot=.%2Fapp&unstable_transformProfile=hermes-stable:211137
[ 2641598ms] [LOG] [DEBUG] Periodic auto-save completed @ http://localhost:8090/app/entry.ts.bundle?platform=web&dev=true&hot=false&lazy=true&transform.engine=hermes&transform.routerRoot=.%2Fapp&unstable_transformProfile=hermes-stable:211137
[ 2761596ms] [LOG] [DEBUG] Skipping save: no life started yet (pristine initial state) @ http://localhost:8090/app/entry.ts.bundle?platform=web&dev=true&hot=false&lazy=true&transform.engine=hermes&transform.routerRoot=.%2Fapp&unstable_transformProfile=hermes-stable:211137
[ 2761597ms] [LOG] [DEBUG] Periodic auto-save completed @ http://localhost:8090/app/entry.ts.bundle?platform=web&dev=true&hot=false&lazy=true&transform.engine=hermes&transform.routerRoot=.%2Fapp&unstable_transformProfile=hermes-stable:211137
[ 2881598ms] [LOG] [DEBUG] Skipping save: no life started yet (pristine initial state) @ http://localhost:8090/app/entry.ts.bundle?platform=web&dev=true&hot=false&lazy=true&transform.engine=hermes&transform.routerRoot=.%2Fapp&unstable_transformProfile=hermes-stable:211137
[ 2881599ms] [LOG] [DEBUG] Periodic auto-save completed @ http://localhost:8090/app/entry.ts.bundle?platform=web&dev=true&hot=false&lazy=true&transform.engine=hermes&transform.routerRoot=.%2Fapp&unstable_transformProfile=hermes-stable:211137
[ 3001598ms] [LOG] [DEBUG] Skipping save: no life started yet (pristine initial state) @ http://localhost:8090/app/entry.ts.bundle?platform=web&dev=true&hot=false&lazy=true&transform.engine=hermes&transform.routerRoot=.%2Fapp&unstable_transformProfile=hermes-stable:211137
[ 3001599ms] [LOG] [DEBUG] Periodic auto-save completed @ http://localhost:8090/app/entry.ts.bundle?platform=web&dev=true&hot=false&lazy=true&transform.engine=hermes&transform.routerRoot=.%2Fapp&unstable_transformProfile=hermes-stable:211137
[ 3121598ms] [LOG] [DEBUG] Skipping save: no life started yet (pristine initial state) @ http://localhost:8090/app/entry.ts.bundle?platform=web&dev=true&hot=false&lazy=true&transform.engine=hermes&transform.routerRoot=.%2Fapp&unstable_transformProfile=hermes-stable:211137
[ 3121599ms] [LOG] [DEBUG] Periodic auto-save completed @ http://localhost:8090/app/entry.ts.bundle?platform=web&dev=true&hot=false&lazy=true&transform.engine=hermes&transform.routerRoot=.%2Fapp&unstable_transformProfile=hermes-stable:211137
[ 3241598ms] [LOG] [DEBUG] Skipping save: no life started yet (pristine initial state) @ http://localhost:8090/app/entry.ts.bundle?platform=web&dev=true&hot=false&lazy=true&transform.engine=hermes&transform.routerRoot=.%2Fapp&unstable_transformProfile=hermes-stable:211137
[ 3241599ms] [LOG] [DEBUG] Periodic auto-save completed @ http://localhost:8090/app/entry.ts.bundle?platform=web&dev=true&hot=false&lazy=true&transform.engine=hermes&transform.routerRoot=.%2Fapp&unstable_transformProfile=hermes-stable:211137
[ 3361597ms] [LOG] [DEBUG] Skipping save: no life started yet (pristine initial state) @ http://localhost:8090/app/entry.ts.bundle?platform=web&dev=true&hot=false&lazy=true&transform.engine=hermes&transform.routerRoot=.%2Fapp&unstable_transformProfile=hermes-stable:211137
[ 3361597ms] [LOG] [DEBUG] Periodic auto-save completed @ http://localhost:8090/app/entry.ts.bundle?platform=web&dev=true&hot=false&lazy=true&transform.engine=hermes&transform.routerRoot=.%2Fapp&unstable_transformProfile=hermes-stable:211137
[ 3481598ms] [LOG] [DEBUG] Skipping save: no life started yet (pristine initial state) @ http://localhost:8090/app/entry.ts.bundle?platform=web&dev=true&hot=false&lazy=true&transform.engine=hermes&transform.routerRoot=.%2Fapp&unstable_transformProfile=hermes-stable:211137
[ 3481598ms] [LOG] [DEBUG] Periodic auto-save completed @ http://localhost:8090/app/entry.ts.bundle?platform=web&dev=true&hot=false&lazy=true&transform.engine=hermes&transform.routerRoot=.%2Fapp&unstable_transformProfile=hermes-stable:211137
[ 3601597ms] [LOG] [DEBUG] Skipping save: no life started yet (pristine initial state) @ http://localhost:8090/app/entry.ts.bundle?platform=web&dev=true&hot=false&lazy=true&transform.engine=hermes&transform.routerRoot=.%2Fapp&unstable_transformProfile=hermes-stable:211137
[ 3601598ms] [LOG] [DEBUG] Periodic auto-save completed @ http://localhost:8090/app/entry.ts.bundle?platform=web&dev=true&hot=false&lazy=true&transform.engine=hermes&transform.routerRoot=.%2Fapp&unstable_transformProfile=hermes-stable:211137
[ 3721597ms] [LOG] [DEBUG] Skipping save: no life started yet (pristine initial state) @ http://localhost:8090/app/entry.ts.bundle?platform=web&dev=true&hot=false&lazy=true&transform.engine=hermes&transform.routerRoot=.%2Fapp&unstable_transformProfile=hermes-stable:211137
[ 3721598ms] [LOG] [DEBUG] Periodic auto-save completed @ http://localhost:8090/app/entry.ts.bundle?platform=web&dev=true&hot=false&lazy=true&transform.engine=hermes&transform.routerRoot=.%2Fapp&unstable_transformProfile=hermes-stable:211137
[ 3841596ms] [LOG] [DEBUG] Skipping save: no life started yet (pristine initial state) @ http://localhost:8090/app/entry.ts.bundle?platform=web&dev=true&hot=false&lazy=true&transform.engine=hermes&transform.routerRoot=.%2Fapp&unstable_transformProfile=hermes-stable:211137
[ 3841597ms] [LOG] [DEBUG] Periodic auto-save completed @ http://localhost:8090/app/entry.ts.bundle?platform=web&dev=true&hot=false&lazy=true&transform.engine=hermes&transform.routerRoot=.%2Fapp&unstable_transformProfile=hermes-stable:211137
[ 3961597ms] [LOG] [DEBUG] Skipping save: no life started yet (pristine initial state) @ http://localhost:8090/app/entry.ts.bundle?platform=web&dev=true&hot=false&lazy=true&transform.engine=hermes&transform.routerRoot=.%2Fapp&unstable_transformProfile=hermes-stable:211137
[ 3961598ms] [LOG] [DEBUG] Periodic auto-save completed @ http://localhost:8090/app/entry.ts.bundle?platform=web&dev=true&hot=false&lazy=true&transform.engine=hermes&transform.routerRoot=.%2Fapp&unstable_transformProfile=hermes-stable:211137
[ 4081597ms] [LOG] [DEBUG] Skipping save: no life started yet (pristine initial state) @ http://localhost:8090/app/entry.ts.bundle?platform=web&dev=true&hot=false&lazy=true&transform.engine=hermes&transform.routerRoot=.%2Fapp&unstable_transformProfile=hermes-stable:211137
[ 4081597ms] [LOG] [DEBUG] Periodic auto-save completed @ http://localhost:8090/app/entry.ts.bundle?platform=web&dev=true&hot=false&lazy=true&transform.engine=hermes&transform.routerRoot=.%2Fapp&unstable_transformProfile=hermes-stable:211137
[ 4201596ms] [LOG] [DEBUG] Skipping save: no life started yet (pristine initial state) @ http://localhost:8090/app/entry.ts.bundle?platform=web&dev=true&hot=false&lazy=true&transform.engine=hermes&transform.routerRoot=.%2Fapp&unstable_transformProfile=hermes-stable:211137
[ 4201597ms] [LOG] [DEBUG] Periodic auto-save completed @ http://localhost:8090/app/entry.ts.bundle?platform=web&dev=true&hot=false&lazy=true&transform.engine=hermes&transform.routerRoot=.%2Fapp&unstable_transformProfile=hermes-stable:211137
[ 4321597ms] [LOG] [DEBUG] Skipping save: no life started yet (pristine initial state) @ http://localhost:8090/app/entry.ts.bundle?platform=web&dev=true&hot=false&lazy=true&transform.engine=hermes&transform.routerRoot=.%2Fapp&unstable_transformProfile=hermes-stable:211137
[ 4321597ms] [LOG] [DEBUG] Periodic auto-save completed @ http://localhost:8090/app/entry.ts.bundle?platform=web&dev=true&hot=false&lazy=true&transform.engine=hermes&transform.routerRoot=.%2Fapp&unstable_transformProfile=hermes-stable:211137
[ 4441599ms] [LOG] [DEBUG] Skipping save: no life started yet (pristine initial state) @ http://localhost:8090/app/entry.ts.bundle?platform=web&dev=true&hot=false&lazy=true&transform.engine=hermes&transform.routerRoot=.%2Fapp&unstable_transformProfile=hermes-stable:211137
[ 4441600ms] [LOG] [DEBUG] Periodic auto-save completed @ http://localhost:8090/app/entry.ts.bundle?platform=web&dev=true&hot=false&lazy=true&transform.engine=hermes&transform.routerRoot=.%2Fapp&unstable_transformProfile=hermes-stable:211137
[ 4561597ms] [LOG] [DEBUG] Skipping save: no life started yet (pristine initial state) @ http://localhost:8090/app/entry.ts.bundle?platform=web&dev=true&hot=false&lazy=true&transform.engine=hermes&transform.routerRoot=.%2Fapp&unstable_transformProfile=hermes-stable:211137
[ 4561598ms] [LOG] [DEBUG] Periodic auto-save completed @ http://localhost:8090/app/entry.ts.bundle?platform=web&dev=true&hot=false&lazy=true&transform.engine=hermes&transform.routerRoot=.%2Fapp&unstable_transformProfile=hermes-stable:211137
[ 4681598ms] [LOG] [DEBUG] Skipping save: no life started yet (pristine initial state) @ http://localhost:8090/app/entry.ts.bundle?platform=web&dev=true&hot=false&lazy=true&transform.engine=hermes&transform.routerRoot=.%2Fapp&unstable_transformProfile=hermes-stable:211137
[ 4681599ms] [LOG] [DEBUG] Periodic auto-save completed @ http://localhost:8090/app/entry.ts.bundle?platform=web&dev=true&hot=false&lazy=true&transform.engine=hermes&transform.routerRoot=.%2Fapp&unstable_transformProfile=hermes-stable:211137
[ 4801597ms] [LOG] [DEBUG] Skipping save: no life started yet (pristine initial state) @ http://localhost:8090/app/entry.ts.bundle?platform=web&dev=true&hot=false&lazy=true&transform.engine=hermes&transform.routerRoot=.%2Fapp&unstable_transformProfile=hermes-stable:211137
[ 4801598ms] [LOG] [DEBUG] Periodic auto-save completed @ http://localhost:8090/app/entry.ts.bundle?platform=web&dev=true&hot=false&lazy=true&transform.engine=hermes&transform.routerRoot=.%2Fapp&unstable_transformProfile=hermes-stable:211137
[ 4921597ms] [LOG] [DEBUG] Skipping save: no life started yet (pristine initial state) @ http://localhost:8090/app/entry.ts.bundle?platform=web&dev=true&hot=false&lazy=true&transform.engine=hermes&transform.routerRoot=.%2Fapp&unstable_transformProfile=hermes-stable:211137
[ 4921597ms] [LOG] [DEBUG] Periodic auto-save completed @ http://localhost:8090/app/entry.ts.bundle?platform=web&dev=true&hot=false&lazy=true&transform.engine=hermes&transform.routerRoot=.%2Fapp&unstable_transformProfile=hermes-stable:211137
[ 5041599ms] [LOG] [DEBUG] Skipping save: no life started yet (pristine initial state) @ http://localhost:8090/app/entry.ts.bundle?platform=web&dev=true&hot=false&lazy=true&transform.engine=hermes&transform.routerRoot=.%2Fapp&unstable_transformProfile=hermes-stable:211137
[ 5041600ms] [LOG] [DEBUG] Periodic auto-save completed @ http://localhost:8090/app/entry.ts.bundle?platform=web&dev=true&hot=false&lazy=true&transform.engine=hermes&transform.routerRoot=.%2Fapp&unstable_transformProfile=hermes-stable:211137
[ 5161596ms] [LOG] [DEBUG] Skipping save: no life started yet (pristine initial state) @ http://localhost:8090/app/entry.ts.bundle?platform=web&dev=true&hot=false&lazy=true&transform.engine=hermes&transform.routerRoot=.%2Fapp&unstable_transformProfile=hermes-stable:211137
[ 5161596ms] [LOG] [DEBUG] Periodic auto-save completed @ http://localhost:8090/app/entry.ts.bundle?platform=web&dev=true&hot=false&lazy=true&transform.engine=hermes&transform.routerRoot=.%2Fapp&unstable_transformProfile=hermes-stable:211137
[ 5281597ms] [LOG] [DEBUG] Skipping save: no life started yet (pristine initial state) @ http://localhost:8090/app/entry.ts.bundle?platform=web&dev=true&hot=false&lazy=true&transform.engine=hermes&transform.routerRoot=.%2Fapp&unstable_transformProfile=hermes-stable:211137
[ 5281598ms] [LOG] [DEBUG] Periodic auto-save completed @ http://localhost:8090/app/entry.ts.bundle?platform=web&dev=true&hot=false&lazy=true&transform.engine=hermes&transform.routerRoot=.%2Fapp&unstable_transformProfile=hermes-stable:211137
[ 5401598ms] [LOG] [DEBUG] Skipping save: no life started yet (pristine initial state) @ http://localhost:8090/app/entry.ts.bundle?platform=web&dev=true&hot=false&lazy=true&transform.engine=hermes&transform.routerRoot=.%2Fapp&unstable_transformProfile=hermes-stable:211137
[ 5401598ms] [LOG] [DEBUG] Periodic auto-save completed @ http://localhost:8090/app/entry.ts.bundle?platform=web&dev=true&hot=false&lazy=true&transform.engine=hermes&transform.routerRoot=.%2Fapp&unstable_transformProfile=hermes-stable:211137
[ 5521596ms] [LOG] [DEBUG] Skipping save: no life started yet (pristine initial state) @ http://localhost:8090/app/entry.ts.bundle?platform=web&dev=true&hot=false&lazy=true&transform.engine=hermes&transform.routerRoot=.%2Fapp&unstable_transformProfile=hermes-stable:211137
[ 5521597ms] [LOG] [DEBUG] Periodic auto-save completed @ http://localhost:8090/app/entry.ts.bundle?platform=web&dev=true&hot=false&lazy=true&transform.engine=hermes&transform.routerRoot=.%2Fapp&unstable_transformProfile=hermes-stable:211137
[ 5641597ms] [LOG] [DEBUG] Skipping save: no life started yet (pristine initial state) @ http://localhost:8090/app/entry.ts.bundle?platform=web&dev=true&hot=false&lazy=true&transform.engine=hermes&transform.routerRoot=.%2Fapp&unstable_transformProfile=hermes-stable:211137
[ 5641598ms] [LOG] [DEBUG] Periodic auto-save completed @ http://localhost:8090/app/entry.ts.bundle?platform=web&dev=true&hot=false&lazy=true&transform.engine=hermes&transform.routerRoot=.%2Fapp&unstable_transformProfile=hermes-stable:211137
[ 5761598ms] [LOG] [DEBUG] Skipping save: no life started yet (pristine initial state) @ http://localhost:8090/app/entry.ts.bundle?platform=web&dev=true&hot=false&lazy=true&transform.engine=hermes&transform.routerRoot=.%2Fapp&unstable_transformProfile=hermes-stable:211137
[ 5761598ms] [LOG] [DEBUG] Periodic auto-save completed @ http://localhost:8090/app/entry.ts.bundle?platform=web&dev=true&hot=false&lazy=true&transform.engine=hermes&transform.routerRoot=.%2Fapp&unstable_transformProfile=hermes-stable:211137
[ 5881599ms] [LOG] [DEBUG] Skipping save: no life started yet (pristine initial state) @ http://localhost:8090/app/entry.ts.bundle?platform=web&dev=true&hot=false&lazy=true&transform.engine=hermes&transform.routerRoot=.%2Fapp&unstable_transformProfile=hermes-stable:211137
[ 5881600ms] [LOG] [DEBUG] Periodic auto-save completed @ http://localhost:8090/app/entry.ts.bundle?platform=web&dev=true&hot=false&lazy=true&transform.engine=hermes&transform.routerRoot=.%2Fapp&unstable_transformProfile=hermes-stable:211137
[ 6001598ms] [LOG] [DEBUG] Skipping save: no life started yet (pristine initial state) @ http://localhost:8090/app/entry.ts.bundle?platform=web&dev=true&hot=false&lazy=true&transform.engine=hermes&transform.routerRoot=.%2Fapp&unstable_transformProfile=hermes-stable:211137
[ 6001598ms] [LOG] [DEBUG] Periodic auto-save completed @ http://localhost:8090/app/entry.ts.bundle?platform=web&dev=true&hot=false&lazy=true&transform.engine=hermes&transform.routerRoot=.%2Fapp&unstable_transformProfile=hermes-stable:211137
[ 6121597ms] [LOG] [DEBUG] Skipping save: no life started yet (pristine initial state) @ http://localhost:8090/app/entry.ts.bundle?platform=web&dev=true&hot=false&lazy=true&transform.engine=hermes&transform.routerRoot=.%2Fapp&unstable_transformProfile=hermes-stable:211137
[ 6121597ms] [LOG] [DEBUG] Periodic auto-save completed @ http://localhost:8090/app/entry.ts.bundle?platform=web&dev=true&hot=false&lazy=true&transform.engine=hermes&transform.routerRoot=.%2Fapp&unstable_transformProfile=hermes-stable:211137
[ 6241599ms] [LOG] [DEBUG] Skipping save: no life started yet (pristine initial state) @ http://localhost:8090/app/entry.ts.bundle?platform=web&dev=true&hot=false&lazy=true&transform.engine=hermes&transform.routerRoot=.%2Fapp&unstable_transformProfile=hermes-stable:211137
[ 6241600ms] [LOG] [DEBUG] Periodic auto-save completed @ http://localhost:8090/app/entry.ts.bundle?platform=web&dev=true&hot=false&lazy=true&transform.engine=hermes&transform.routerRoot=.%2Fapp&unstable_transformProfile=hermes-stable:211137
[ 6361599ms] [LOG] [DEBUG] Skipping save: no life started yet (pristine initial state) @ http://localhost:8090/app/entry.ts.bundle?platform=web&dev=true&hot=false&lazy=true&transform.engine=hermes&transform.routerRoot=.%2Fapp&unstable_transformProfile=hermes-stable:211137
[ 6361599ms] [LOG] [DEBUG] Periodic auto-save completed @ http://localhost:8090/app/entry.ts.bundle?platform=web&dev=true&hot=false&lazy=true&transform.engine=hermes&transform.routerRoot=.%2Fapp&unstable_transformProfile=hermes-stable:211137
[ 6481599ms] [LOG] [DEBUG] Skipping save: no life started yet (pristine initial state) @ http://localhost:8090/app/entry.ts.bundle?platform=web&dev=true&hot=false&lazy=true&transform.engine=hermes&transform.routerRoot=.%2Fapp&unstable_transformProfile=hermes-stable:211137
[ 6481600ms] [LOG] [DEBUG] Periodic auto-save completed @ http://localhost:8090/app/entry.ts.bundle?platform=web&dev=true&hot=false&lazy=true&transform.engine=hermes&transform.routerRoot=.%2Fapp&unstable_transformProfile=hermes-stable:211137
[ 6601599ms] [LOG] [DEBUG] Skipping save: no life started yet (pristine initial state) @ http://localhost:8090/app/entry.ts.bundle?platform=web&dev=true&hot=false&lazy=true&transform.engine=hermes&transform.routerRoot=.%2Fapp&unstable_transformProfile=hermes-stable:211137
[ 6601599ms] [LOG] [DEBUG] Periodic auto-save completed @ http://localhost:8090/app/entry.ts.bundle?platform=web&dev=true&hot=false&lazy=true&transform.engine=hermes&transform.routerRoot=.%2Fapp&unstable_transformProfile=hermes-stable:211137
[ 6721605ms] [LOG] [DEBUG] Skipping save: no life started yet (pristine initial state) @ http://localhost:8090/app/entry.ts.bundle?platform=web&dev=true&hot=false&lazy=true&transform.engine=hermes&transform.routerRoot=.%2Fapp&unstable_transformProfile=hermes-stable:211137
[ 6721606ms] [LOG] [DEBUG] Periodic auto-save completed @ http://localhost:8090/app/entry.ts.bundle?platform=web&dev=true&hot=false&lazy=true&transform.engine=hermes&transform.routerRoot=.%2Fapp&unstable_transformProfile=hermes-stable:211137
[ 6841607ms] [LOG] [DEBUG] Skipping save: no life started yet (pristine initial state) @ http://localhost:8090/app/entry.ts.bundle?platform=web&dev=true&hot=false&lazy=true&transform.engine=hermes&transform.routerRoot=.%2Fapp&unstable_transformProfile=hermes-stable:211137
[ 6841607ms] [LOG] [DEBUG] Periodic auto-save completed @ http://localhost:8090/app/entry.ts.bundle?platform=web&dev=true&hot=false&lazy=true&transform.engine=hermes&transform.routerRoot=.%2Fapp&unstable_transformProfile=hermes-stable:211137
[ 6961609ms] [LOG] [DEBUG] Skipping save: no life started yet (pristine initial state) @ http://localhost:8090/app/entry.ts.bundle?platform=web&dev=true&hot=false&lazy=true&transform.engine=hermes&transform.routerRoot=.%2Fapp&unstable_transformProfile=hermes-stable:211137
[ 6961610ms] [LOG] [DEBUG] Periodic auto-save completed @ http://localhost:8090/app/entry.ts.bundle?platform=web&dev=true&hot=false&lazy=true&transform.engine=hermes&transform.routerRoot=.%2Fapp&unstable_transformProfile=hermes-stable:211137
[ 7081610ms] [LOG] [DEBUG] Skipping save: no life started yet (pristine initial state) @ http://localhost:8090/app/entry.ts.bundle?platform=web&dev=true&hot=false&lazy=true&transform.engine=hermes&transform.routerRoot=.%2Fapp&unstable_transformProfile=hermes-stable:211137
[ 7081611ms] [LOG] [DEBUG] Periodic auto-save completed @ http://localhost:8090/app/entry.ts.bundle?platform=web&dev=true&hot=false&lazy=true&transform.engine=hermes&transform.routerRoot=.%2Fapp&unstable_transformProfile=hermes-stable:211137
[ 7201612ms] [LOG] [DEBUG] Skipping save: no life started yet (pristine initial state) @ http://localhost:8090/app/entry.ts.bundle?platform=web&dev=true&hot=false&lazy=true&transform.engine=hermes&transform.routerRoot=.%2Fapp&unstable_transformProfile=hermes-stable:211137
[ 7201613ms] [LOG] [DEBUG] Periodic auto-save completed @ http://localhost:8090/app/entry.ts.bundle?platform=web&dev=true&hot=false&lazy=true&transform.engine=hermes&transform.routerRoot=.%2Fapp&unstable_transformProfile=hermes-stable:211137
[ 7321614ms] [LOG] [DEBUG] Skipping save: no life started yet (pristine initial state) @ http://localhost:8090/app/entry.ts.bundle?platform=web&dev=true&hot=false&lazy=true&transform.engine=hermes&transform.routerRoot=.%2Fapp&unstable_transformProfile=hermes-stable:211137
[ 7321615ms] [LOG] [DEBUG] Periodic auto-save completed @ http://localhost:8090/app/entry.ts.bundle?platform=web&dev=true&hot=false&lazy=true&transform.engine=hermes&transform.routerRoot=.%2Fapp&unstable_transformProfile=hermes-stable:211137
[ 7441622ms] [LOG] [DEBUG] Skipping save: no life started yet (pristine initial state) @ http://localhost:8090/app/entry.ts.bundle?platform=web&dev=true&hot=false&lazy=true&transform.engine=hermes&transform.routerRoot=.%2Fapp&unstable_transformProfile=hermes-stable:211137
[ 7441623ms] [LOG] [DEBUG] Periodic auto-save completed @ http://localhost:8090/app/entry.ts.bundle?platform=web&dev=true&hot=false&lazy=true&transform.engine=hermes&transform.routerRoot=.%2Fapp&unstable_transformProfile=hermes-stable:211137
[ 7561622ms] [LOG] [DEBUG] Skipping save: no life started yet (pristine initial state) @ http://localhost:8090/app/entry.ts.bundle?platform=web&dev=true&hot=false&lazy=true&transform.engine=hermes&transform.routerRoot=.%2Fapp&unstable_transformProfile=hermes-stable:211137
[ 7561622ms] [LOG] [DEBUG] Periodic auto-save completed @ http://localhost:8090/app/entry.ts.bundle?platform=web&dev=true&hot=false&lazy=true&transform.engine=hermes&transform.routerRoot=.%2Fapp&unstable_transformProfile=hermes-stable:211137
[ 7681623ms] [LOG] [DEBUG] Skipping save: no life started yet (pristine initial state) @ http://localhost:8090/app/entry.ts.bundle?platform=web&dev=true&hot=false&lazy=true&transform.engine=hermes&transform.routerRoot=.%2Fapp&unstable_transformProfile=hermes-stable:211137
[ 7681624ms] [LOG] [DEBUG] Periodic auto-save completed @ http://localhost:8090/app/entry.ts.bundle?platform=web&dev=true&hot=false&lazy=true&transform.engine=hermes&transform.routerRoot=.%2Fapp&unstable_transformProfile=hermes-stable:211137
[ 7801622ms] [LOG] [DEBUG] Skipping save: no life started yet (pristine initial state) @ http://localhost:8090/app/entry.ts.bundle?platform=web&dev=true&hot=false&lazy=true&transform.engine=hermes&transform.routerRoot=.%2Fapp&unstable_transformProfile=hermes-stable:211137
[ 7801623ms] [LOG] [DEBUG] Periodic auto-save completed @ http://localhost:8090/app/entry.ts.bundle?platform=web&dev=true&hot=false&lazy=true&transform.engine=hermes&transform.routerRoot=.%2Fapp&unstable_transformProfile=hermes-stable:211137
[ 7921626ms] [LOG] [DEBUG] Skipping save: no life started yet (pristine initial state) @ http://localhost:8090/app/entry.ts.bundle?platform=web&dev=true&hot=false&lazy=true&transform.engine=hermes&transform.routerRoot=.%2Fapp&unstable_transformProfile=hermes-stable:211137
[ 7921626ms] [LOG] [DEBUG] Periodic auto-save completed @ http://localhost:8090/app/entry.ts.bundle?platform=web&dev=true&hot=false&lazy=true&transform.engine=hermes&transform.routerRoot=.%2Fapp&unstable_transformProfile=hermes-stable:211137
[ 8041626ms] [LOG] [DEBUG] Skipping save: no life started yet (pristine initial state) @ http://localhost:8090/app/entry.ts.bundle?platform=web&dev=true&hot=false&lazy=true&transform.engine=hermes&transform.routerRoot=.%2Fapp&unstable_transformProfile=hermes-stable:211137
[ 8041626ms] [LOG] [DEBUG] Periodic auto-save completed @ http://localhost:8090/app/entry.ts.bundle?platform=web&dev=true&hot=false&lazy=true&transform.engine=hermes&transform.routerRoot=.%2Fapp&unstable_transformProfile=hermes-stable:211137
[ 8161633ms] [LOG] [DEBUG] Skipping save: no life started yet (pristine initial state) @ http://localhost:8090/app/entry.ts.bundle?platform=web&dev=true&hot=false&lazy=true&transform.engine=hermes&transform.routerRoot=.%2Fapp&unstable_transformProfile=hermes-stable:211137
[ 8161633ms] [LOG] [DEBUG] Periodic auto-save completed @ http://localhost:8090/app/entry.ts.bundle?platform=web&dev=true&hot=false&lazy=true&transform.engine=hermes&transform.routerRoot=.%2Fapp&unstable_transformProfile=hermes-stable:211137
[ 8281630ms] [LOG] [DEBUG] Skipping save: no life started yet (pristine initial state) @ http://localhost:8090/app/entry.ts.bundle?platform=web&dev=true&hot=false&lazy=true&transform.engine=hermes&transform.routerRoot=.%2Fapp&unstable_transformProfile=hermes-stable:211137
[ 8281631ms] [LOG] [DEBUG] Periodic auto-save completed @ http://localhost:8090/app/entry.ts.bundle?platform=web&dev=true&hot=false&lazy=true&transform.engine=hermes&transform.routerRoot=.%2Fapp&unstable_transformProfile=hermes-stable:211137
[ 8401632ms] [LOG] [DEBUG] Skipping save: no life started yet (pristine initial state) @ http://localhost:8090/app/entry.ts.bundle?platform=web&dev=true&hot=false&lazy=true&transform.engine=hermes&transform.routerRoot=.%2Fapp&unstable_transformProfile=hermes-stable:211137
[ 8401633ms] [LOG] [DEBUG] Periodic auto-save completed @ http://localhost:8090/app/entry.ts.bundle?platform=web&dev=true&hot=false&lazy=true&transform.engine=hermes&transform.routerRoot=.%2Fapp&unstable_transformProfile=hermes-stable:211137
[ 8521635ms] [LOG] [DEBUG] Skipping save: no life started yet (pristine initial state) @ http://localhost:8090/app/entry.ts.bundle?platform=web&dev=true&hot=false&lazy=true&transform.engine=hermes&transform.routerRoot=.%2Fapp&unstable_transformProfile=hermes-stable:211137
[ 8521636ms] [LOG] [DEBUG] Periodic auto-save completed @ http://localhost:8090/app/entry.ts.bundle?platform=web&dev=true&hot=false&lazy=true&transform.engine=hermes&transform.routerRoot=.%2Fapp&unstable_transformProfile=hermes-stable:211137
[ 8641636ms] [LOG] [DEBUG] Skipping save: no life started yet (pristine initial state) @ http://localhost:8090/app/entry.ts.bundle?platform=web&dev=true&hot=false&lazy=true&transform.engine=hermes&transform.routerRoot=.%2Fapp&unstable_transformProfile=hermes-stable:211137
[ 8641637ms] [LOG] [DEBUG] Periodic auto-save completed @ http://localhost:8090/app/entry.ts.bundle?platform=web&dev=true&hot=false&lazy=true&transform.engine=hermes&transform.routerRoot=.%2Fapp&unstable_transformProfile=hermes-stable:211137
[ 8761638ms] [LOG] [DEBUG] Skipping save: no life started yet (pristine initial state) @ http://localhost:8090/app/entry.ts.bundle?platform=web&dev=true&hot=false&lazy=true&transform.engine=hermes&transform.routerRoot=.%2Fapp&unstable_transformProfile=hermes-stable:211137
[ 8761639ms] [LOG] [DEBUG] Periodic auto-save completed @ http://localhost:8090/app/entry.ts.bundle?platform=web&dev=true&hot=false&lazy=true&transform.engine=hermes&transform.routerRoot=.%2Fapp&unstable_transformProfile=hermes-stable:211137
[ 8881641ms] [LOG] [DEBUG] Skipping save: no life started yet (pristine initial state) @ http://localhost:8090/app/entry.ts.bundle?platform=web&dev=true&hot=false&lazy=true&transform.engine=hermes&transform.routerRoot=.%2Fapp&unstable_transformProfile=hermes-stable:211137
[ 8881641ms] [LOG] [DEBUG] Periodic auto-save completed @ http://localhost:8090/app/entry.ts.bundle?platform=web&dev=true&hot=false&lazy=true&transform.engine=hermes&transform.routerRoot=.%2Fapp&unstable_transformProfile=hermes-stable:211137
[ 9001642ms] [LOG] [DEBUG] Skipping save: no life started yet (pristine initial state) @ http://localhost:8090/app/entry.ts.bundle?platform=web&dev=true&hot=false&lazy=true&transform.engine=hermes&transform.routerRoot=.%2Fapp&unstable_transformProfile=hermes-stable:211137
[ 9001643ms] [LOG] [DEBUG] Periodic auto-save completed @ http://localhost:8090/app/entry.ts.bundle?platform=web&dev=true&hot=false&lazy=true&transform.engine=hermes&transform.routerRoot=.%2Fapp&unstable_transformProfile=hermes-stable:211137
[ 9121643ms] [LOG] [DEBUG] Skipping save: no life started yet (pristine initial state) @ http://localhost:8090/app/entry.ts.bundle?platform=web&dev=true&hot=false&lazy=true&transform.engine=hermes&transform.routerRoot=.%2Fapp&unstable_transformProfile=hermes-stable:211137
[ 9121644ms] [LOG] [DEBUG] Periodic auto-save completed @ http://localhost:8090/app/entry.ts.bundle?platform=web&dev=true&hot=false&lazy=true&transform.engine=hermes&transform.routerRoot=.%2Fapp&unstable_transformProfile=hermes-stable:211137
[ 9241644ms] [LOG] [DEBUG] Skipping save: no life started yet (pristine initial state) @ http://localhost:8090/app/entry.ts.bundle?platform=web&dev=true&hot=false&lazy=true&transform.engine=hermes&transform.routerRoot=.%2Fapp&unstable_transformProfile=hermes-stable:211137
[ 9241644ms] [LOG] [DEBUG] Periodic auto-save completed @ http://localhost:8090/app/entry.ts.bundle?platform=web&dev=true&hot=false&lazy=true&transform.engine=hermes&transform.routerRoot=.%2Fapp&unstable_transformProfile=hermes-stable:211137
[ 9361643ms] [LOG] [DEBUG] Skipping save: no life started yet (pristine initial state) @ http://localhost:8090/app/entry.ts.bundle?platform=web&dev=true&hot=false&lazy=true&transform.engine=hermes&transform.routerRoot=.%2Fapp&unstable_transformProfile=hermes-stable:211137
[ 9361644ms] [LOG] [DEBUG] Periodic auto-save completed @ http://localhost:8090/app/entry.ts.bundle?platform=web&dev=true&hot=false&lazy=true&transform.engine=hermes&transform.routerRoot=.%2Fapp&unstable_transformProfile=hermes-stable:211137
[ 9481647ms] [LOG] [DEBUG] Skipping save: no life started yet (pristine initial state) @ http://localhost:8090/app/entry.ts.bundle?platform=web&dev=true&hot=false&lazy=true&transform.engine=hermes&transform.routerRoot=.%2Fapp&unstable_transformProfile=hermes-stable:211137
[ 9481647ms] [LOG] [DEBUG] Periodic auto-save completed @ http://localhost:8090/app/entry.ts.bundle?platform=web&dev=true&hot=false&lazy=true&transform.engine=hermes&transform.routerRoot=.%2Fapp&unstable_transformProfile=hermes-stable:211137
[ 9601644ms] [LOG] [DEBUG] Skipping save: no life started yet (pristine initial state) @ http://localhost:8090/app/entry.ts.bundle?platform=web&dev=true&hot=false&lazy=true&transform.engine=hermes&transform.routerRoot=.%2Fapp&unstable_transformProfile=hermes-stable:211137
[ 9601645ms] [LOG] [DEBUG] Periodic auto-save completed @ http://localhost:8090/app/entry.ts.bundle?platform=web&dev=true&hot=false&lazy=true&transform.engine=hermes&transform.routerRoot=.%2Fapp&unstable_transformProfile=hermes-stable:211137
[ 9721647ms] [LOG] [DEBUG] Skipping save: no life started yet (pristine initial state) @ http://localhost:8090/app/entry.ts.bundle?platform=web&dev=true&hot=false&lazy=true&transform.engine=hermes&transform.routerRoot=.%2Fapp&unstable_transformProfile=hermes-stable:211137
[ 9721648ms] [LOG] [DEBUG] Periodic auto-save completed @ http://localhost:8090/app/entry.ts.bundle?platform=web&dev=true&hot=false&lazy=true&transform.engine=hermes&transform.routerRoot=.%2Fapp&unstable_transformProfile=hermes-stable:211137
[ 9841647ms] [LOG] [DEBUG] Skipping save: no life started yet (pristine initial state) @ http://localhost:8090/app/entry.ts.bundle?platform=web&dev=true&hot=false&lazy=true&transform.engine=hermes&transform.routerRoot=.%2Fapp&unstable_transformProfile=hermes-stable:211137
[ 9841647ms] [LOG] [DEBUG] Periodic auto-save completed @ http://localhost:8090/app/entry.ts.bundle?platform=web&dev=true&hot=false&lazy=true&transform.engine=hermes&transform.routerRoot=.%2Fapp&unstable_transformProfile=hermes-stable:211137
[ 9961651ms] [LOG] [DEBUG] Skipping save: no life started yet (pristine initial state) @ http://localhost:8090/app/entry.ts.bundle?platform=web&dev=true&hot=false&lazy=true&transform.engine=hermes&transform.routerRoot=.%2Fapp&unstable_transformProfile=hermes-stable:211137
[ 9961651ms] [LOG] [DEBUG] Periodic auto-save completed @ http://localhost:8090/app/entry.ts.bundle?platform=web&dev=true&hot=false&lazy=true&transform.engine=hermes&transform.routerRoot=.%2Fapp&unstable_transformProfile=hermes-stable:211137
[10081652ms] [LOG] [DEBUG] Skipping save: no life started yet (pristine initial state) @ http://localhost:8090/app/entry.ts.bundle?platform=web&dev=true&hot=false&lazy=true&transform.engine=hermes&transform.routerRoot=.%2Fapp&unstable_transformProfile=hermes-stable:211137
[10081653ms] [LOG] [DEBUG] Periodic auto-save completed @ http://localhost:8090/app/entry.ts.bundle?platform=web&dev=true&hot=false&lazy=true&transform.engine=hermes&transform.routerRoot=.%2Fapp&unstable_transformProfile=hermes-stable:211137
[10201651ms] [LOG] [DEBUG] Skipping save: no life started yet (pristine initial state) @ http://localhost:8090/app/entry.ts.bundle?platform=web&dev=true&hot=false&lazy=true&transform.engine=hermes&transform.routerRoot=.%2Fapp&unstable_transformProfile=hermes-stable:211137
[10201652ms] [LOG] [DEBUG] Periodic auto-save completed @ http://localhost:8090/app/entry.ts.bundle?platform=web&dev=true&hot=false&lazy=true&transform.engine=hermes&transform.routerRoot=.%2Fapp&unstable_transformProfile=hermes-stable:211137
[10321653ms] [LOG] [DEBUG] Skipping save: no life started yet (pristine initial state) @ http://localhost:8090/app/entry.ts.bundle?platform=web&dev=true&hot=false&lazy=true&transform.engine=hermes&transform.routerRoot=.%2Fapp&unstable_transformProfile=hermes-stable:211137
[10321654ms] [LOG] [DEBUG] Periodic auto-save completed @ http://localhost:8090/app/entry.ts.bundle?platform=web&dev=true&hot=false&lazy=true&transform.engine=hermes&transform.routerRoot=.%2Fapp&unstable_transformProfile=hermes-stable:211137
[10441653ms] [LOG] [DEBUG] Skipping save: no life started yet (pristine initial state) @ http://localhost:8090/app/entry.ts.bundle?platform=web&dev=true&hot=false&lazy=true&transform.engine=hermes&transform.routerRoot=.%2Fapp&unstable_transformProfile=hermes-stable:211137
[10441654ms] [LOG] [DEBUG] Periodic auto-save completed @ http://localhost:8090/app/entry.ts.bundle?platform=web&dev=true&hot=false&lazy=true&transform.engine=hermes&transform.routerRoot=.%2Fapp&unstable_transformProfile=hermes-stable:211137
[10561654ms] [LOG] [DEBUG] Skipping save: no life started yet (pristine initial state) @ http://localhost:8090/app/entry.ts.bundle?platform=web&dev=true&hot=false&lazy=true&transform.engine=hermes&transform.routerRoot=.%2Fapp&unstable_transformProfile=hermes-stable:211137
[10561655ms] [LOG] [DEBUG] Periodic auto-save completed @ http://localhost:8090/app/entry.ts.bundle?platform=web&dev=true&hot=false&lazy=true&transform.engine=hermes&transform.routerRoot=.%2Fapp&unstable_transformProfile=hermes-stable:211137
[10681653ms] [LOG] [DEBUG] Skipping save: no life started yet (pristine initial state) @ http://localhost:8090/app/entry.ts.bundle?platform=web&dev=true&hot=false&lazy=true&transform.engine=hermes&transform.routerRoot=.%2Fapp&unstable_transformProfile=hermes-stable:211137
[10681654ms] [LOG] [DEBUG] Periodic auto-save completed @ http://localhost:8090/app/entry.ts.bundle?platform=web&dev=true&hot=false&lazy=true&transform.engine=hermes&transform.routerRoot=.%2Fapp&unstable_transformProfile=hermes-stable:211137
[10801655ms] [LOG] [DEBUG] Skipping save: no life started yet (pristine initial state) @ http://localhost:8090/app/entry.ts.bundle?platform=web&dev=true&hot=false&lazy=true&transform.engine=hermes&transform.routerRoot=.%2Fapp&unstable_transformProfile=hermes-stable:211137
[10801656ms] [LOG] [DEBUG] Periodic auto-save completed @ http://localhost:8090/app/entry.ts.bundle?platform=web&dev=true&hot=false&lazy=true&transform.engine=hermes&transform.routerRoot=.%2Fapp&unstable_transformProfile=hermes-stable:211137
[10921657ms] [LOG] [DEBUG] Skipping save: no life started yet (pristine initial state) @ http://localhost:8090/app/entry.ts.bundle?platform=web&dev=true&hot=false&lazy=true&transform.engine=hermes&transform.routerRoot=.%2Fapp&unstable_transformProfile=hermes-stable:211137
[10921657ms] [LOG] [DEBUG] Periodic auto-save completed @ http://localhost:8090/app/entry.ts.bundle?platform=web&dev=true&hot=false&lazy=true&transform.engine=hermes&transform.routerRoot=.%2Fapp&unstable_transformProfile=hermes-stable:211137
[11041655ms] [LOG] [DEBUG] Skipping save: no life started yet (pristine initial state) @ http://localhost:8090/app/entry.ts.bundle?platform=web&dev=true&hot=false&lazy=true&transform.engine=hermes&transform.routerRoot=.%2Fapp&unstable_transformProfile=hermes-stable:211137
[11041656ms] [LOG] [DEBUG] Periodic auto-save completed @ http://localhost:8090/app/entry.ts.bundle?platform=web&dev=true&hot=false&lazy=true&transform.engine=hermes&transform.routerRoot=.%2Fapp&unstable_transformProfile=hermes-stable:211137
[11161657ms] [LOG] [DEBUG] Skipping save: no life started yet (pristine initial state) @ http://localhost:8090/app/entry.ts.bundle?platform=web&dev=true&hot=false&lazy=true&transform.engine=hermes&transform.routerRoot=.%2Fapp&unstable_transformProfile=hermes-stable:211137
[11161657ms] [LOG] [DEBUG] Periodic auto-save completed @ http://localhost:8090/app/entry.ts.bundle?platform=web&dev=true&hot=false&lazy=true&transform.engine=hermes&transform.routerRoot=.%2Fapp&unstable_transformProfile=hermes-stable:211137
[11281659ms] [LOG] [DEBUG] Skipping save: no life started yet (pristine initial state) @ http://localhost:8090/app/entry.ts.bundle?platform=web&dev=true&hot=false&lazy=true&transform.engine=hermes&transform.routerRoot=.%2Fapp&unstable_transformProfile=hermes-stable:211137
[11281660ms] [LOG] [DEBUG] Periodic auto-save completed @ http://localhost:8090/app/entry.ts.bundle?platform=web&dev=true&hot=false&lazy=true&transform.engine=hermes&transform.routerRoot=.%2Fapp&unstable_transformProfile=hermes-stable:211137
[11401658ms] [LOG] [DEBUG] Skipping save: no life started yet (pristine initial state) @ http://localhost:8090/app/entry.ts.bundle?platform=web&dev=true&hot=false&lazy=true&transform.engine=hermes&transform.routerRoot=.%2Fapp&unstable_transformProfile=hermes-stable:211137
[11401658ms] [LOG] [DEBUG] Periodic auto-save completed @ http://localhost:8090/app/entry.ts.bundle?platform=web&dev=true&hot=false&lazy=true&transform.engine=hermes&transform.routerRoot=.%2Fapp&unstable_transformProfile=hermes-stable:211137
[11521659ms] [LOG] [DEBUG] Skipping save: no life started yet (pristine initial state) @ http://localhost:8090/app/entry.ts.bundle?platform=web&dev=true&hot=false&lazy=true&transform.engine=hermes&transform.routerRoot=.%2Fapp&unstable_transformProfile=hermes-stable:211137
[11521660ms] [LOG] [DEBUG] Periodic auto-save completed @ http://localhost:8090/app/entry.ts.bundle?platform=web&dev=true&hot=false&lazy=true&transform.engine=hermes&transform.routerRoot=.%2Fapp&unstable_transformProfile=hermes-stable:211137
[11641661ms] [LOG] [DEBUG] Skipping save: no life started yet (pristine initial state) @ http://localhost:8090/app/entry.ts.bundle?platform=web&dev=true&hot=false&lazy=true&transform.engine=hermes&transform.routerRoot=.%2Fapp&unstable_transformProfile=hermes-stable:211137
[11641661ms] [LOG] [DEBUG] Periodic auto-save completed @ http://localhost:8090/app/entry.ts.bundle?platform=web&dev=true&hot=false&lazy=true&transform.engine=hermes&transform.routerRoot=.%2Fapp&unstable_transformProfile=hermes-stable:211137
[11761661ms] [LOG] [DEBUG] Skipping save: no life started yet (pristine initial state) @ http://localhost:8090/app/entry.ts.bundle?platform=web&dev=true&hot=false&lazy=true&transform.engine=hermes&transform.routerRoot=.%2Fapp&unstable_transformProfile=hermes-stable:211137
[11761661ms] [LOG] [DEBUG] Periodic auto-save completed @ http://localhost:8090/app/entry.ts.bundle?platform=web&dev=true&hot=false&lazy=true&transform.engine=hermes&transform.routerRoot=.%2Fapp&unstable_transformProfile=hermes-stable:211137
[11881662ms] [LOG] [DEBUG] Skipping save: no life started yet (pristine initial state) @ http://localhost:8090/app/entry.ts.bundle?platform=web&dev=true&hot=false&lazy=true&transform.engine=hermes&transform.routerRoot=.%2Fapp&unstable_transformProfile=hermes-stable:211137
[11881663ms] [LOG] [DEBUG] Periodic auto-save completed @ http://localhost:8090/app/entry.ts.bundle?platform=web&dev=true&hot=false&lazy=true&transform.engine=hermes&transform.routerRoot=.%2Fapp&unstable_transformProfile=hermes-stable:211137
[12001665ms] [LOG] [DEBUG] Skipping save: no life started yet (pristine initial state) @ http://localhost:8090/app/entry.ts.bundle?platform=web&dev=true&hot=false&lazy=true&transform.engine=hermes&transform.routerRoot=.%2Fapp&unstable_transformProfile=hermes-stable:211137
[12001666ms] [LOG] [DEBUG] Periodic auto-save completed @ http://localhost:8090/app/entry.ts.bundle?platform=web&dev=true&hot=false&lazy=true&transform.engine=hermes&transform.routerRoot=.%2Fapp&unstable_transformProfile=hermes-stable:211137
[12121667ms] [LOG] [DEBUG] Skipping save: no life started yet (pristine initial state) @ http://localhost:8090/app/entry.ts.bundle?platform=web&dev=true&hot=false&lazy=true&transform.engine=hermes&transform.routerRoot=.%2Fapp&unstable_transformProfile=hermes-stable:211137
[12121668ms] [LOG] [DEBUG] Periodic auto-save completed @ http://localhost:8090/app/entry.ts.bundle?platform=web&dev=true&hot=false&lazy=true&transform.engine=hermes&transform.routerRoot=.%2Fapp&unstable_transformProfile=hermes-stable:211137
[12241661ms] [LOG] [DEBUG] Skipping save: no life started yet (pristine initial state) @ http://localhost:8090/app/entry.ts.bundle?platform=web&dev=true&hot=false&lazy=true&transform.engine=hermes&transform.routerRoot=.%2Fapp&unstable_transformProfile=hermes-stable:211137
[12241662ms] [LOG] [DEBUG] Periodic auto-save completed @ http://localhost:8090/app/entry.ts.bundle?platform=web&dev=true&hot=false&lazy=true&transform.engine=hermes&transform.routerRoot=.%2Fapp&unstable_transformProfile=hermes-stable:211137
[12361670ms] [LOG] [DEBUG] Skipping save: no life started yet (pristine initial state) @ http://localhost:8090/app/entry.ts.bundle?platform=web&dev=true&hot=false&lazy=true&transform.engine=hermes&transform.routerRoot=.%2Fapp&unstable_transformProfile=hermes-stable:211137
[12361671ms] [LOG] [DEBUG] Periodic auto-save completed @ http://localhost:8090/app/entry.ts.bundle?platform=web&dev=true&hot=false&lazy=true&transform.engine=hermes&transform.routerRoot=.%2Fapp&unstable_transformProfile=hermes-stable:211137
[12481664ms] [LOG] [DEBUG] Skipping save: no life started yet (pristine initial state) @ http://localhost:8090/app/entry.ts.bundle?platform=web&dev=true&hot=false&lazy=true&transform.engine=hermes&transform.routerRoot=.%2Fapp&unstable_transformProfile=hermes-stable:211137
[12481665ms] [LOG] [DEBUG] Periodic auto-save completed @ http://localhost:8090/app/entry.ts.bundle?platform=web&dev=true&hot=false&lazy=true&transform.engine=hermes&transform.routerRoot=.%2Fapp&unstable_transformProfile=hermes-stable:211137
[12601665ms] [LOG] [DEBUG] Skipping save: no life started yet (pristine initial state) @ http://localhost:8090/app/entry.ts.bundle?platform=web&dev=true&hot=false&lazy=true&transform.engine=hermes&transform.routerRoot=.%2Fapp&unstable_transformProfile=hermes-stable:211137
[12601666ms] [LOG] [DEBUG] Periodic auto-save completed @ http://localhost:8090/app/entry.ts.bundle?platform=web&dev=true&hot=false&lazy=true&transform.engine=hermes&transform.routerRoot=.%2Fapp&unstable_transformProfile=hermes-stable:211137
[12721665ms] [LOG] [DEBUG] Skipping save: no life started yet (pristine initial state) @ http://localhost:8090/app/entry.ts.bundle?platform=web&dev=true&hot=false&lazy=true&transform.engine=hermes&transform.routerRoot=.%2Fapp&unstable_transformProfile=hermes-stable:211137
[12721665ms] [LOG] [DEBUG] Periodic auto-save completed @ http://localhost:8090/app/entry.ts.bundle?platform=web&dev=true&hot=false&lazy=true&transform.engine=hermes&transform.routerRoot=.%2Fapp&unstable_transformProfile=hermes-stable:211137
[12841667ms] [LOG] [DEBUG] Skipping save: no life started yet (pristine initial state) @ http://localhost:8090/app/entry.ts.bundle?platform=web&dev=true&hot=false&lazy=true&transform.engine=hermes&transform.routerRoot=.%2Fapp&unstable_transformProfile=hermes-stable:211137
[12841668ms] [LOG] [DEBUG] Periodic auto-save completed @ http://localhost:8090/app/entry.ts.bundle?platform=web&dev=true&hot=false&lazy=true&transform.engine=hermes&transform.routerRoot=.%2Fapp&unstable_transformProfile=hermes-stable:211137
[12961665ms] [LOG] [DEBUG] Skipping save: no life started yet (pristine initial state) @ http://localhost:8090/app/entry.ts.bundle?platform=web&dev=true&hot=false&lazy=true&transform.engine=hermes&transform.routerRoot=.%2Fapp&unstable_transformProfile=hermes-stable:211137
[12961666ms] [LOG] [DEBUG] Periodic auto-save completed @ http://localhost:8090/app/entry.ts.bundle?platform=web&dev=true&hot=false&lazy=true&transform.engine=hermes&transform.routerRoot=.%2Fapp&unstable_transformProfile=hermes-stable:211137
[13081668ms] [LOG] [DEBUG] Skipping save: no life started yet (pristine initial state) @ http://localhost:8090/app/entry.ts.bundle?platform=web&dev=true&hot=false&lazy=true&transform.engine=hermes&transform.routerRoot=.%2Fapp&unstable_transformProfile=hermes-stable:211137
[13081669ms] [LOG] [DEBUG] Periodic auto-save completed @ http://localhost:8090/app/entry.ts.bundle?platform=web&dev=true&hot=false&lazy=true&transform.engine=hermes&transform.routerRoot=.%2Fapp&unstable_transformProfile=hermes-stable:211137
[13201667ms] [LOG] [DEBUG] Skipping save: no life started yet (pristine initial state) @ http://localhost:8090/app/entry.ts.bundle?platform=web&dev=true&hot=false&lazy=true&transform.engine=hermes&transform.routerRoot=.%2Fapp&unstable_transformProfile=hermes-stable:211137
[13201667ms] [LOG] [DEBUG] Periodic auto-save completed @ http://localhost:8090/app/entry.ts.bundle?platform=web&dev=true&hot=false&lazy=true&transform.engine=hermes&transform.routerRoot=.%2Fapp&unstable_transformProfile=hermes-stable:211137
[13321667ms] [LOG] [DEBUG] Skipping save: no life started yet (pristine initial state) @ http://localhost:8090/app/entry.ts.bundle?platform=web&dev=true&hot=false&lazy=true&transform.engine=hermes&transform.routerRoot=.%2Fapp&unstable_transformProfile=hermes-stable:211137
[13321668ms] [LOG] [DEBUG] Periodic auto-save completed @ http://localhost:8090/app/entry.ts.bundle?platform=web&dev=true&hot=false&lazy=true&transform.engine=hermes&transform.routerRoot=.%2Fapp&unstable_transformProfile=hermes-stable:211137
[13441670ms] [LOG] [DEBUG] Skipping save: no life started yet (pristine initial state) @ http://localhost:8090/app/entry.ts.bundle?platform=web&dev=true&hot=false&lazy=true&transform.engine=hermes&transform.routerRoot=.%2Fapp&unstable_transformProfile=hermes-stable:211137
[13441671ms] [LOG] [DEBUG] Periodic auto-save completed @ http://localhost:8090/app/entry.ts.bundle?platform=web&dev=true&hot=false&lazy=true&transform.engine=hermes&transform.routerRoot=.%2Fapp&unstable_transformProfile=hermes-stable:211137
[13561668ms] [LOG] [DEBUG] Skipping save: no life started yet (pristine initial state) @ http://localhost:8090/app/entry.ts.bundle?platform=web&dev=true&hot=false&lazy=true&transform.engine=hermes&transform.routerRoot=.%2Fapp&unstable_transformProfile=hermes-stable:211137
[13561668ms] [LOG] [DEBUG] Periodic auto-save completed @ http://localhost:8090/app/entry.ts.bundle?platform=web&dev=true&hot=false&lazy=true&transform.engine=hermes&transform.routerRoot=.%2Fapp&unstable_transformProfile=hermes-stable:211137
[13681667ms] [LOG] [DEBUG] Skipping save: no life started yet (pristine initial state) @ http://localhost:8090/app/entry.ts.bundle?platform=web&dev=true&hot=false&lazy=true&transform.engine=hermes&transform.routerRoot=.%2Fapp&unstable_transformProfile=hermes-stable:211137
[13681668ms] [LOG] [DEBUG] Periodic auto-save completed @ http://localhost:8090/app/entry.ts.bundle?platform=web&dev=true&hot=false&lazy=true&transform.engine=hermes&transform.routerRoot=.%2Fapp&unstable_transformProfile=hermes-stable:211137
[13801672ms] [LOG] [DEBUG] Skipping save: no life started yet (pristine initial state) @ http://localhost:8090/app/entry.ts.bundle?platform=web&dev=true&hot=false&lazy=true&transform.engine=hermes&transform.routerRoot=.%2Fapp&unstable_transformProfile=hermes-stable:211137
[13801673ms] [LOG] [DEBUG] Periodic auto-save completed @ http://localhost:8090/app/entry.ts.bundle?platform=web&dev=true&hot=false&lazy=true&transform.engine=hermes&transform.routerRoot=.%2Fapp&unstable_transformProfile=hermes-stable:211137
[13921668ms] [LOG] [DEBUG] Skipping save: no life started yet (pristine initial state) @ http://localhost:8090/app/entry.ts.bundle?platform=web&dev=true&hot=false&lazy=true&transform.engine=hermes&transform.routerRoot=.%2Fapp&unstable_transformProfile=hermes-stable:211137
[13921669ms] [LOG] [DEBUG] Periodic auto-save completed @ http://localhost:8090/app/entry.ts.bundle?platform=web&dev=true&hot=false&lazy=true&transform.engine=hermes&transform.routerRoot=.%2Fapp&unstable_transformProfile=hermes-stable:211137
[14041669ms] [LOG] [DEBUG] Skipping save: no life started yet (pristine initial state) @ http://localhost:8090/app/entry.ts.bundle?platform=web&dev=true&hot=false&lazy=true&transform.engine=hermes&transform.routerRoot=.%2Fapp&unstable_transformProfile=hermes-stable:211137
[14041669ms] [LOG] [DEBUG] Periodic auto-save completed @ http://localhost:8090/app/entry.ts.bundle?platform=web&dev=true&hot=false&lazy=true&transform.engine=hermes&transform.routerRoot=.%2Fapp&unstable_transformProfile=hermes-stable:211137
[14161671ms] [LOG] [DEBUG] Skipping save: no life started yet (pristine initial state) @ http://localhost:8090/app/entry.ts.bundle?platform=web&dev=true&hot=false&lazy=true&transform.engine=hermes&transform.routerRoot=.%2Fapp&unstable_transformProfile=hermes-stable:211137
[14161672ms] [LOG] [DEBUG] Periodic auto-save completed @ http://localhost:8090/app/entry.ts.bundle?platform=web&dev=true&hot=false&lazy=true&transform.engine=hermes&transform.routerRoot=.%2Fapp&unstable_transformProfile=hermes-stable:211137
[14281671ms] [LOG] [DEBUG] Skipping save: no life started yet (pristine initial state) @ http://localhost:8090/app/entry.ts.bundle?platform=web&dev=true&hot=false&lazy=true&transform.engine=hermes&transform.routerRoot=.%2Fapp&unstable_transformProfile=hermes-stable:211137
[14281672ms] [LOG] [DEBUG] Periodic auto-save completed @ http://localhost:8090/app/entry.ts.bundle?platform=web&dev=true&hot=false&lazy=true&transform.engine=hermes&transform.routerRoot=.%2Fapp&unstable_transformProfile=hermes-stable:211137
[14401672ms] [LOG] [DEBUG] Skipping save: no life started yet (pristine initial state) @ http://localhost:8090/app/entry.ts.bundle?platform=web&dev=true&hot=false&lazy=true&transform.engine=hermes&transform.routerRoot=.%2Fapp&unstable_transformProfile=hermes-stable:211137
[14401673ms] [LOG] [DEBUG] Periodic auto-save completed @ http://localhost:8090/app/entry.ts.bundle?platform=web&dev=true&hot=false&lazy=true&transform.engine=hermes&transform.routerRoot=.%2Fapp&unstable_transformProfile=hermes-stable:211137
[14521672ms] [LOG] [DEBUG] Skipping save: no life started yet (pristine initial state) @ http://localhost:8090/app/entry.ts.bundle?platform=web&dev=true&hot=false&lazy=true&transform.engine=hermes&transform.routerRoot=.%2Fapp&unstable_transformProfile=hermes-stable:211137
[14521673ms] [LOG] [DEBUG] Periodic auto-save completed @ http://localhost:8090/app/entry.ts.bundle?platform=web&dev=true&hot=false&lazy=true&transform.engine=hermes&transform.routerRoot=.%2Fapp&unstable_transformProfile=hermes-stable:211137
[14641673ms] [LOG] [DEBUG] Skipping save: no life started yet (pristine initial state) @ http://localhost:8090/app/entry.ts.bundle?platform=web&dev=true&hot=false&lazy=true&transform.engine=hermes&transform.routerRoot=.%2Fapp&unstable_transformProfile=hermes-stable:211137
[14641673ms] [LOG] [DEBUG] Periodic auto-save completed @ http://localhost:8090/app/entry.ts.bundle?platform=web&dev=true&hot=false&lazy=true&transform.engine=hermes&transform.routerRoot=.%2Fapp&unstable_transformProfile=hermes-stable:211137
[14761670ms] [LOG] [DEBUG] Skipping save: no life started yet (pristine initial state) @ http://localhost:8090/app/entry.ts.bundle?platform=web&dev=true&hot=false&lazy=true&transform.engine=hermes&transform.routerRoot=.%2Fapp&unstable_transformProfile=hermes-stable:211137
[14761671ms] [LOG] [DEBUG] Periodic auto-save completed @ http://localhost:8090/app/entry.ts.bundle?platform=web&dev=true&hot=false&lazy=true&transform.engine=hermes&transform.routerRoot=.%2Fapp&unstable_transformProfile=hermes-stable:211137
[14881672ms] [LOG] [DEBUG] Skipping save: no life started yet (pristine initial state) @ http://localhost:8090/app/entry.ts.bundle?platform=web&dev=true&hot=false&lazy=true&transform.engine=hermes&transform.routerRoot=.%2Fapp&unstable_transformProfile=hermes-stable:211137
[14881673ms] [LOG] [DEBUG] Periodic auto-save completed @ http://localhost:8090/app/entry.ts.bundle?platform=web&dev=true&hot=false&lazy=true&transform.engine=hermes&transform.routerRoot=.%2Fapp&unstable_transformProfile=hermes-stable:211137
[15001672ms] [LOG] [DEBUG] Skipping save: no life started yet (pristine initial state) @ http://localhost:8090/app/entry.ts.bundle?platform=web&dev=true&hot=false&lazy=true&transform.engine=hermes&transform.routerRoot=.%2Fapp&unstable_transformProfile=hermes-stable:211137
[15001673ms] [LOG] [DEBUG] Periodic auto-save completed @ http://localhost:8090/app/entry.ts.bundle?platform=web&dev=true&hot=false&lazy=true&transform.engine=hermes&transform.routerRoot=.%2Fapp&unstable_transformProfile=hermes-stable:211137
[15121672ms] [LOG] [DEBUG] Skipping save: no life started yet (pristine initial state) @ http://localhost:8090/app/entry.ts.bundle?platform=web&dev=true&hot=false&lazy=true&transform.engine=hermes&transform.routerRoot=.%2Fapp&unstable_transformProfile=hermes-stable:211137
[15121672ms] [LOG] [DEBUG] Periodic auto-save completed @ http://localhost:8090/app/entry.ts.bundle?platform=web&dev=true&hot=false&lazy=true&transform.engine=hermes&transform.routerRoot=.%2Fapp&unstable_transformProfile=hermes-stable:211137
[15241674ms] [LOG] [DEBUG] Skipping save: no life started yet (pristine initial state) @ http://localhost:8090/app/entry.ts.bundle?platform=web&dev=true&hot=false&lazy=true&transform.engine=hermes&transform.routerRoot=.%2Fapp&unstable_transformProfile=hermes-stable:211137
[15241675ms] [LOG] [DEBUG] Periodic auto-save completed @ http://localhost:8090/app/entry.ts.bundle?platform=web&dev=true&hot=false&lazy=true&transform.engine=hermes&transform.routerRoot=.%2Fapp&unstable_transformProfile=hermes-stable:211137
[15361673ms] [LOG] [DEBUG] Skipping save: no life started yet (pristine initial state) @ http://localhost:8090/app/entry.ts.bundle?platform=web&dev=true&hot=false&lazy=true&transform.engine=hermes&transform.routerRoot=.%2Fapp&unstable_transformProfile=hermes-stable:211137
[15361673ms] [LOG] [DEBUG] Periodic auto-save completed @ http://localhost:8090/app/entry.ts.bundle?platform=web&dev=true&hot=false&lazy=true&transform.engine=hermes&transform.routerRoot=.%2Fapp&unstable_transformProfile=hermes-stable:211137
[15481673ms] [LOG] [DEBUG] Skipping save: no life started yet (pristine initial state) @ http://localhost:8090/app/entry.ts.bundle?platform=web&dev=true&hot=false&lazy=true&transform.engine=hermes&transform.routerRoot=.%2Fapp&unstable_transformProfile=hermes-stable:211137
[15481674ms] [LOG] [DEBUG] Periodic auto-save completed @ http://localhost:8090/app/entry.ts.bundle?platform=web&dev=true&hot=false&lazy=true&transform.engine=hermes&transform.routerRoot=.%2Fapp&unstable_transformProfile=hermes-stable:211137
[15601674ms] [LOG] [DEBUG] Skipping save: no life started yet (pristine initial state) @ http://localhost:8090/app/entry.ts.bundle?platform=web&dev=true&hot=false&lazy=true&transform.engine=hermes&transform.routerRoot=.%2Fapp&unstable_transformProfile=hermes-stable:211137
[15601674ms] [LOG] [DEBUG] Periodic auto-save completed @ http://localhost:8090/app/entry.ts.bundle?platform=web&dev=true&hot=false&lazy=true&transform.engine=hermes&transform.routerRoot=.%2Fapp&unstable_transformProfile=hermes-stable:211137
[15721675ms] [LOG] [DEBUG] Skipping save: no life started yet (pristine initial state) @ http://localhost:8090/app/entry.ts.bundle?platform=web&dev=true&hot=false&lazy=true&transform.engine=hermes&transform.routerRoot=.%2Fapp&unstable_transformProfile=hermes-stable:211137
[15721675ms] [LOG] [DEBUG] Periodic auto-save completed @ http://localhost:8090/app/entry.ts.bundle?platform=web&dev=true&hot=false&lazy=true&transform.engine=hermes&transform.routerRoot=.%2Fapp&unstable_transformProfile=hermes-stable:211137
[15841679ms] [LOG] [DEBUG] Skipping save: no life started yet (pristine initial state) @ http://localhost:8090/app/entry.ts.bundle?platform=web&dev=true&hot=false&lazy=true&transform.engine=hermes&transform.routerRoot=.%2Fapp&unstable_transformProfile=hermes-stable:211137
[15841680ms] [LOG] [DEBUG] Periodic auto-save completed @ http://localhost:8090/app/entry.ts.bundle?platform=web&dev=true&hot=false&lazy=true&transform.engine=hermes&transform.routerRoot=.%2Fapp&unstable_transformProfile=hermes-stable:211137
[15961674ms] [LOG] [DEBUG] Skipping save: no life started yet (pristine initial state) @ http://localhost:8090/app/entry.ts.bundle?platform=web&dev=true&hot=false&lazy=true&transform.engine=hermes&transform.routerRoot=.%2Fapp&unstable_transformProfile=hermes-stable:211137
[15961675ms] [LOG] [DEBUG] Periodic auto-save completed @ http://localhost:8090/app/entry.ts.bundle?platform=web&dev=true&hot=false&lazy=true&transform.engine=hermes&transform.routerRoot=.%2Fapp&unstable_transformProfile=hermes-stable:211137
[16081675ms] [LOG] [DEBUG] Skipping save: no life started yet (pristine initial state) @ http://localhost:8090/app/entry.ts.bundle?platform=web&dev=true&hot=false&lazy=true&transform.engine=hermes&transform.routerRoot=.%2Fapp&unstable_transformProfile=hermes-stable:211137
[16081675ms] [LOG] [DEBUG] Periodic auto-save completed @ http://localhost:8090/app/entry.ts.bundle?platform=web&dev=true&hot=false&lazy=true&transform.engine=hermes&transform.routerRoot=.%2Fapp&unstable_transformProfile=hermes-stable:211137
[16201677ms] [LOG] [DEBUG] Skipping save: no life started yet (pristine initial state) @ http://localhost:8090/app/entry.ts.bundle?platform=web&dev=true&hot=false&lazy=true&transform.engine=hermes&transform.routerRoot=.%2Fapp&unstable_transformProfile=hermes-stable:211137
[16201678ms] [LOG] [DEBUG] Periodic auto-save completed @ http://localhost:8090/app/entry.ts.bundle?platform=web&dev=true&hot=false&lazy=true&transform.engine=hermes&transform.routerRoot=.%2Fapp&unstable_transformProfile=hermes-stable:211137
[16321675ms] [LOG] [DEBUG] Skipping save: no life started yet (pristine initial state) @ http://localhost:8090/app/entry.ts.bundle?platform=web&dev=true&hot=false&lazy=true&transform.engine=hermes&transform.routerRoot=.%2Fapp&unstable_transformProfile=hermes-stable:211137
[16321676ms] [LOG] [DEBUG] Periodic auto-save completed @ http://localhost:8090/app/entry.ts.bundle?platform=web&dev=true&hot=false&lazy=true&transform.engine=hermes&transform.routerRoot=.%2Fapp&unstable_transformProfile=hermes-stable:211137
[16441679ms] [LOG] [DEBUG] Skipping save: no life started yet (pristine initial state) @ http://localhost:8090/app/entry.ts.bundle?platform=web&dev=true&hot=false&lazy=true&transform.engine=hermes&transform.routerRoot=.%2Fapp&unstable_transformProfile=hermes-stable:211137
[16441680ms] [LOG] [DEBUG] Periodic auto-save completed @ http://localhost:8090/app/entry.ts.bundle?platform=web&dev=true&hot=false&lazy=true&transform.engine=hermes&transform.routerRoot=.%2Fapp&unstable_transformProfile=hermes-stable:211137
[16561676ms] [LOG] [DEBUG] Skipping save: no life started yet (pristine initial state) @ http://localhost:8090/app/entry.ts.bundle?platform=web&dev=true&hot=false&lazy=true&transform.engine=hermes&transform.routerRoot=.%2Fapp&unstable_transformProfile=hermes-stable:211137
[16561677ms] [LOG] [DEBUG] Periodic auto-save completed @ http://localhost:8090/app/entry.ts.bundle?platform=web&dev=true&hot=false&lazy=true&transform.engine=hermes&transform.routerRoot=.%2Fapp&unstable_transformProfile=hermes-stable:211137
[16681677ms] [LOG] [DEBUG] Skipping save: no life started yet (pristine initial state) @ http://localhost:8090/app/entry.ts.bundle?platform=web&dev=true&hot=false&lazy=true&transform.engine=hermes&transform.routerRoot=.%2Fapp&unstable_transformProfile=hermes-stable:211137
[16681677ms] [LOG] [DEBUG] Periodic auto-save completed @ http://localhost:8090/app/entry.ts.bundle?platform=web&dev=true&hot=false&lazy=true&transform.engine=hermes&transform.routerRoot=.%2Fapp&unstable_transformProfile=hermes-stable:211137
[16801676ms] [LOG] [DEBUG] Skipping save: no life started yet (pristine initial state) @ http://localhost:8090/app/entry.ts.bundle?platform=web&dev=true&hot=false&lazy=true&transform.engine=hermes&transform.routerRoot=.%2Fapp&unstable_transformProfile=hermes-stable:211137
[16801676ms] [LOG] [DEBUG] Periodic auto-save completed @ http://localhost:8090/app/entry.ts.bundle?platform=web&dev=true&hot=false&lazy=true&transform.engine=hermes&transform.routerRoot=.%2Fapp&unstable_transformProfile=hermes-stable:211137
[16921679ms] [LOG] [DEBUG] Skipping save: no life started yet (pristine initial state) @ http://localhost:8090/app/entry.ts.bundle?platform=web&dev=true&hot=false&lazy=true&transform.engine=hermes&transform.routerRoot=.%2Fapp&unstable_transformProfile=hermes-stable:211137
[16921680ms] [LOG] [DEBUG] Periodic auto-save completed @ http://localhost:8090/app/entry.ts.bundle?platform=web&dev=true&hot=false&lazy=true&transform.engine=hermes&transform.routerRoot=.%2Fapp&unstable_transformProfile=hermes-stable:211137
[17041679ms] [LOG] [DEBUG] Skipping save: no life started yet (pristine initial state) @ http://localhost:8090/app/entry.ts.bundle?platform=web&dev=true&hot=false&lazy=true&transform.engine=hermes&transform.routerRoot=.%2Fapp&unstable_transformProfile=hermes-stable:211137
[17041680ms] [LOG] [DEBUG] Periodic auto-save completed @ http://localhost:8090/app/entry.ts.bundle?platform=web&dev=true&hot=false&lazy=true&transform.engine=hermes&transform.routerRoot=.%2Fapp&unstable_transformProfile=hermes-stable:211137
[17161676ms] [LOG] [DEBUG] Skipping save: no life started yet (pristine initial state) @ http://localhost:8090/app/entry.ts.bundle?platform=web&dev=true&hot=false&lazy=true&transform.engine=hermes&transform.routerRoot=.%2Fapp&unstable_transformProfile=hermes-stable:211137
[17161677ms] [LOG] [DEBUG] Periodic auto-save completed @ http://localhost:8090/app/entry.ts.bundle?platform=web&dev=true&hot=false&lazy=true&transform.engine=hermes&transform.routerRoot=.%2Fapp&unstable_transformProfile=hermes-stable:211137
[17281676ms] [LOG] [DEBUG] Skipping save: no life started yet (pristine initial state) @ http://localhost:8090/app/entry.ts.bundle?platform=web&dev=true&hot=false&lazy=true&transform.engine=hermes&transform.routerRoot=.%2Fapp&unstable_transformProfile=hermes-stable:211137
[17281677ms] [LOG] [DEBUG] Periodic auto-save completed @ http://localhost:8090/app/entry.ts.bundle?platform=web&dev=true&hot=false&lazy=true&transform.engine=hermes&transform.routerRoot=.%2Fapp&unstable_transformProfile=hermes-stable:211137
[17401677ms] [LOG] [DEBUG] Skipping save: no life started yet (pristine initial state) @ http://localhost:8090/app/entry.ts.bundle?platform=web&dev=true&hot=false&lazy=true&transform.engine=hermes&transform.routerRoot=.%2Fapp&unstable_transformProfile=hermes-stable:211137
[17401678ms] [LOG] [DEBUG] Periodic auto-save completed @ http://localhost:8090/app/entry.ts.bundle?platform=web&dev=true&hot=false&lazy=true&transform.engine=hermes&transform.routerRoot=.%2Fapp&unstable_transformProfile=hermes-stable:211137
[17521675ms] [LOG] [DEBUG] Skipping save: no life started yet (pristine initial state) @ http://localhost:8090/app/entry.ts.bundle?platform=web&dev=true&hot=false&lazy=true&transform.engine=hermes&transform.routerRoot=.%2Fapp&unstable_transformProfile=hermes-stable:211137
[17521676ms] [LOG] [DEBUG] Periodic auto-save completed @ http://localhost:8090/app/entry.ts.bundle?platform=web&dev=true&hot=false&lazy=true&transform.engine=hermes&transform.routerRoot=.%2Fapp&unstable_transformProfile=hermes-stable:211137
[17641679ms] [LOG] [DEBUG] Skipping save: no life started yet (pristine initial state) @ http://localhost:8090/app/entry.ts.bundle?platform=web&dev=true&hot=false&lazy=true&transform.engine=hermes&transform.routerRoot=.%2Fapp&unstable_transformProfile=hermes-stable:211137
[17641679ms] [LOG] [DEBUG] Periodic auto-save completed @ http://localhost:8090/app/entry.ts.bundle?platform=web&dev=true&hot=false&lazy=true&transform.engine=hermes&transform.routerRoot=.%2Fapp&unstable_transformProfile=hermes-stable:211137
[17761678ms] [LOG] [DEBUG] Skipping save: no life started yet (pristine initial state) @ http://localhost:8090/app/entry.ts.bundle?platform=web&dev=true&hot=false&lazy=true&transform.engine=hermes&transform.routerRoot=.%2Fapp&unstable_transformProfile=hermes-stable:211137
[17761678ms] [LOG] [DEBUG] Periodic auto-save completed @ http://localhost:8090/app/entry.ts.bundle?platform=web&dev=true&hot=false&lazy=true&transform.engine=hermes&transform.routerRoot=.%2Fapp&unstable_transformProfile=hermes-stable:211137
[17881676ms] [LOG] [DEBUG] Skipping save: no life started yet (pristine initial state) @ http://localhost:8090/app/entry.ts.bundle?platform=web&dev=true&hot=false&lazy=true&transform.engine=hermes&transform.routerRoot=.%2Fapp&unstable_transformProfile=hermes-stable:211137
[17881677ms] [LOG] [DEBUG] Periodic auto-save completed @ http://localhost:8090/app/entry.ts.bundle?platform=web&dev=true&hot=false&lazy=true&transform.engine=hermes&transform.routerRoot=.%2Fapp&unstable_transformProfile=hermes-stable:211137
[18001678ms] [LOG] [DEBUG] Skipping save: no life started yet (pristine initial state) @ http://localhost:8090/app/entry.ts.bundle?platform=web&dev=true&hot=false&lazy=true&transform.engine=hermes&transform.routerRoot=.%2Fapp&unstable_transformProfile=hermes-stable:211137
[18001679ms] [LOG] [DEBUG] Periodic auto-save completed @ http://localhost:8090/app/entry.ts.bundle?platform=web&dev=true&hot=false&lazy=true&transform.engine=hermes&transform.routerRoot=.%2Fapp&unstable_transformProfile=hermes-stable:211137
[18121679ms] [LOG] [DEBUG] Skipping save: no life started yet (pristine initial state) @ http://localhost:8090/app/entry.ts.bundle?platform=web&dev=true&hot=false&lazy=true&transform.engine=hermes&transform.routerRoot=.%2Fapp&unstable_transformProfile=hermes-stable:211137
[18121679ms] [LOG] [DEBUG] Periodic auto-save completed @ http://localhost:8090/app/entry.ts.bundle?platform=web&dev=true&hot=false&lazy=true&transform.engine=hermes&transform.routerRoot=.%2Fapp&unstable_transformProfile=hermes-stable:211137
[18241678ms] [LOG] [DEBUG] Skipping save: no life started yet (pristine initial state) @ http://localhost:8090/app/entry.ts.bundle?platform=web&dev=true&hot=false&lazy=true&transform.engine=hermes&transform.routerRoot=.%2Fapp&unstable_transformProfile=hermes-stable:211137
[18241678ms] [LOG] [DEBUG] Periodic auto-save completed @ http://localhost:8090/app/entry.ts.bundle?platform=web&dev=true&hot=false&lazy=true&transform.engine=hermes&transform.routerRoot=.%2Fapp&unstable_transformProfile=hermes-stable:211137
[18361679ms] [LOG] [DEBUG] Skipping save: no life started yet (pristine initial state) @ http://localhost:8090/app/entry.ts.bundle?platform=web&dev=true&hot=false&lazy=true&transform.engine=hermes&transform.routerRoot=.%2Fapp&unstable_transformProfile=hermes-stable:211137
[18361679ms] [LOG] [DEBUG] Periodic auto-save completed @ http://localhost:8090/app/entry.ts.bundle?platform=web&dev=true&hot=false&lazy=true&transform.engine=hermes&transform.routerRoot=.%2Fapp&unstable_transformProfile=hermes-stable:211137
[18481679ms] [LOG] [DEBUG] Skipping save: no life started yet (pristine initial state) @ http://localhost:8090/app/entry.ts.bundle?platform=web&dev=true&hot=false&lazy=true&transform.engine=hermes&transform.routerRoot=.%2Fapp&unstable_transformProfile=hermes-stable:211137
[18481680ms] [LOG] [DEBUG] Periodic auto-save completed @ http://localhost:8090/app/entry.ts.bundle?platform=web&dev=true&hot=false&lazy=true&transform.engine=hermes&transform.routerRoot=.%2Fapp&unstable_transformProfile=hermes-stable:211137
[18601679ms] [LOG] [DEBUG] Skipping save: no life started yet (pristine initial state) @ http://localhost:8090/app/entry.ts.bundle?platform=web&dev=true&hot=false&lazy=true&transform.engine=hermes&transform.routerRoot=.%2Fapp&unstable_transformProfile=hermes-stable:211137
[18601682ms] [LOG] [DEBUG] Periodic auto-save completed @ http://localhost:8090/app/entry.ts.bundle?platform=web&dev=true&hot=false&lazy=true&transform.engine=hermes&transform.routerRoot=.%2Fapp&unstable_transformProfile=hermes-stable:211137
[18721678ms] [LOG] [DEBUG] Skipping save: no life started yet (pristine initial state) @ http://localhost:8090/app/entry.ts.bundle?platform=web&dev=true&hot=false&lazy=true&transform.engine=hermes&transform.routerRoot=.%2Fapp&unstable_transformProfile=hermes-stable:211137
[18721678ms] [LOG] [DEBUG] Periodic auto-save completed @ http://localhost:8090/app/entry.ts.bundle?platform=web&dev=true&hot=false&lazy=true&transform.engine=hermes&transform.routerRoot=.%2Fapp&unstable_transformProfile=hermes-stable:211137
[18841678ms] [LOG] [DEBUG] Skipping save: no life started yet (pristine initial state) @ http://localhost:8090/app/entry.ts.bundle?platform=web&dev=true&hot=false&lazy=true&transform.engine=hermes&transform.routerRoot=.%2Fapp&unstable_transformProfile=hermes-stable:211137
[18841679ms] [LOG] [DEBUG] Periodic auto-save completed @ http://localhost:8090/app/entry.ts.bundle?platform=web&dev=true&hot=false&lazy=true&transform.engine=hermes&transform.routerRoot=.%2Fapp&unstable_transformProfile=hermes-stable:211137
[18961678ms] [LOG] [DEBUG] Skipping save: no life started yet (pristine initial state) @ http://localhost:8090/app/entry.ts.bundle?platform=web&dev=true&hot=false&lazy=true&transform.engine=hermes&transform.routerRoot=.%2Fapp&unstable_transformProfile=hermes-stable:211137
[18961678ms] [LOG] [DEBUG] Periodic auto-save completed @ http://localhost:8090/app/entry.ts.bundle?platform=web&dev=true&hot=false&lazy=true&transform.engine=hermes&transform.routerRoot=.%2Fapp&unstable_transformProfile=hermes-stable:211137
[19081680ms] [LOG] [DEBUG] Skipping save: no life started yet (pristine initial state) @ http://localhost:8090/app/entry.ts.bundle?platform=web&dev=true&hot=false&lazy=true&transform.engine=hermes&transform.routerRoot=.%2Fapp&unstable_transformProfile=hermes-stable:211137
[19081680ms] [LOG] [DEBUG] Periodic auto-save completed @ http://localhost:8090/app/entry.ts.bundle?platform=web&dev=true&hot=false&lazy=true&transform.engine=hermes&transform.routerRoot=.%2Fapp&unstable_transformProfile=hermes-stable:211137
[19201678ms] [LOG] [DEBUG] Skipping save: no life started yet (pristine initial state) @ http://localhost:8090/app/entry.ts.bundle?platform=web&dev=true&hot=false&lazy=true&transform.engine=hermes&transform.routerRoot=.%2Fapp&unstable_transformProfile=hermes-stable:211137
[19201679ms] [LOG] [DEBUG] Periodic auto-save completed @ http://localhost:8090/app/entry.ts.bundle?platform=web&dev=true&hot=false&lazy=true&transform.engine=hermes&transform.routerRoot=.%2Fapp&unstable_transformProfile=hermes-stable:211137
[19321680ms] [LOG] [DEBUG] Skipping save: no life started yet (pristine initial state) @ http://localhost:8090/app/entry.ts.bundle?platform=web&dev=true&hot=false&lazy=true&transform.engine=hermes&transform.routerRoot=.%2Fapp&unstable_transformProfile=hermes-stable:211137
[19321681ms] [LOG] [DEBUG] Periodic auto-save completed @ http://localhost:8090/app/entry.ts.bundle?platform=web&dev=true&hot=false&lazy=true&transform.engine=hermes&transform.routerRoot=.%2Fapp&unstable_transformProfile=hermes-stable:211137
[19441685ms] [LOG] [DEBUG] Skipping save: no life started yet (pristine initial state) @ http://localhost:8090/app/entry.ts.bundle?platform=web&dev=true&hot=false&lazy=true&transform.engine=hermes&transform.routerRoot=.%2Fapp&unstable_transformProfile=hermes-stable:211137
[19441686ms] [LOG] [DEBUG] Periodic auto-save completed @ http://localhost:8090/app/entry.ts.bundle?platform=web&dev=true&hot=false&lazy=true&transform.engine=hermes&transform.routerRoot=.%2Fapp&unstable_transformProfile=hermes-stable:211137
[19561680ms] [LOG] [DEBUG] Skipping save: no life started yet (pristine initial state) @ http://localhost:8090/app/entry.ts.bundle?platform=web&dev=true&hot=false&lazy=true&transform.engine=hermes&transform.routerRoot=.%2Fapp&unstable_transformProfile=hermes-stable:211137
[19561680ms] [LOG] [DEBUG] Periodic auto-save completed @ http://localhost:8090/app/entry.ts.bundle?platform=web&dev=true&hot=false&lazy=true&transform.engine=hermes&transform.routerRoot=.%2Fapp&unstable_transformProfile=hermes-stable:211137
[19681683ms] [LOG] [DEBUG] Skipping save: no life started yet (pristine initial state) @ http://localhost:8090/app/entry.ts.bundle?platform=web&dev=true&hot=false&lazy=true&transform.engine=hermes&transform.routerRoot=.%2Fapp&unstable_transformProfile=hermes-stable:211137
[19681684ms] [LOG] [DEBUG] Periodic auto-save completed @ http://localhost:8090/app/entry.ts.bundle?platform=web&dev=true&hot=false&lazy=true&transform.engine=hermes&transform.routerRoot=.%2Fapp&unstable_transformProfile=hermes-stable:211137
[19801679ms] [LOG] [DEBUG] Skipping save: no life started yet (pristine initial state) @ http://localhost:8090/app/entry.ts.bundle?platform=web&dev=true&hot=false&lazy=true&transform.engine=hermes&transform.routerRoot=.%2Fapp&unstable_transformProfile=hermes-stable:211137
[19801680ms] [LOG] [DEBUG] Periodic auto-save completed @ http://localhost:8090/app/entry.ts.bundle?platform=web&dev=true&hot=false&lazy=true&transform.engine=hermes&transform.routerRoot=.%2Fapp&unstable_transformProfile=hermes-stable:211137
[19921681ms] [LOG] [DEBUG] Skipping save: no life started yet (pristine initial state) @ http://localhost:8090/app/entry.ts.bundle?platform=web&dev=true&hot=false&lazy=true&transform.engine=hermes&transform.routerRoot=.%2Fapp&unstable_transformProfile=hermes-stable:211137
[19921682ms] [LOG] [DEBUG] Periodic auto-save completed @ http://localhost:8090/app/entry.ts.bundle?platform=web&dev=true&hot=false&lazy=true&transform.engine=hermes&transform.routerRoot=.%2Fapp&unstable_transformProfile=hermes-stable:211137
[20041682ms] [LOG] [DEBUG] Skipping save: no life started yet (pristine initial state) @ http://localhost:8090/app/entry.ts.bundle?platform=web&dev=true&hot=false&lazy=true&transform.engine=hermes&transform.routerRoot=.%2Fapp&unstable_transformProfile=hermes-stable:211137
[20041682ms] [LOG] [DEBUG] Periodic auto-save completed @ http://localhost:8090/app/entry.ts.bundle?platform=web&dev=true&hot=false&lazy=true&transform.engine=hermes&transform.routerRoot=.%2Fapp&unstable_transformProfile=hermes-stable:211137
[20161681ms] [LOG] [DEBUG] Skipping save: no life started yet (pristine initial state) @ http://localhost:8090/app/entry.ts.bundle?platform=web&dev=true&hot=false&lazy=true&transform.engine=hermes&transform.routerRoot=.%2Fapp&unstable_transformProfile=hermes-stable:211137
[20161681ms] [LOG] [DEBUG] Periodic auto-save completed @ http://localhost:8090/app/entry.ts.bundle?platform=web&dev=true&hot=false&lazy=true&transform.engine=hermes&transform.routerRoot=.%2Fapp&unstable_transformProfile=hermes-stable:211137
[20281682ms] [LOG] [DEBUG] Skipping save: no life started yet (pristine initial state) @ http://localhost:8090/app/entry.ts.bundle?platform=web&dev=true&hot=false&lazy=true&transform.engine=hermes&transform.routerRoot=.%2Fapp&unstable_transformProfile=hermes-stable:211137
[20281683ms] [LOG] [DEBUG] Periodic auto-save completed @ http://localhost:8090/app/entry.ts.bundle?platform=web&dev=true&hot=false&lazy=true&transform.engine=hermes&transform.routerRoot=.%2Fapp&unstable_transformProfile=hermes-stable:211137
[20401683ms] [LOG] [DEBUG] Skipping save: no life started yet (pristine initial state) @ http://localhost:8090/app/entry.ts.bundle?platform=web&dev=true&hot=false&lazy=true&transform.engine=hermes&transform.routerRoot=.%2Fapp&unstable_transformProfile=hermes-stable:211137
[20401683ms] [LOG] [DEBUG] Periodic auto-save completed @ http://localhost:8090/app/entry.ts.bundle?platform=web&dev=true&hot=false&lazy=true&transform.engine=hermes&transform.routerRoot=.%2Fapp&unstable_transformProfile=hermes-stable:211137
[20521680ms] [LOG] [DEBUG] Skipping save: no life started yet (pristine initial state) @ http://localhost:8090/app/entry.ts.bundle?platform=web&dev=true&hot=false&lazy=true&transform.engine=hermes&transform.routerRoot=.%2Fapp&unstable_transformProfile=hermes-stable:211137
[20521681ms] [LOG] [DEBUG] Periodic auto-save completed @ http://localhost:8090/app/entry.ts.bundle?platform=web&dev=true&hot=false&lazy=true&transform.engine=hermes&transform.routerRoot=.%2Fapp&unstable_transformProfile=hermes-stable:211137
[20641682ms] [LOG] [DEBUG] Skipping save: no life started yet (pristine initial state) @ http://localhost:8090/app/entry.ts.bundle?platform=web&dev=true&hot=false&lazy=true&transform.engine=hermes&transform.routerRoot=.%2Fapp&unstable_transformProfile=hermes-stable:211137
[20641682ms] [LOG] [DEBUG] Periodic auto-save completed @ http://localhost:8090/app/entry.ts.bundle?platform=web&dev=true&hot=false&lazy=true&transform.engine=hermes&transform.routerRoot=.%2Fapp&unstable_transformProfile=hermes-stable:211137
[20761684ms] [LOG] [DEBUG] Skipping save: no life started yet (pristine initial state) @ http://localhost:8090/app/entry.ts.bundle?platform=web&dev=true&hot=false&lazy=true&transform.engine=hermes&transform.routerRoot=.%2Fapp&unstable_transformProfile=hermes-stable:211137
[20761685ms] [LOG] [DEBUG] Periodic auto-save completed @ http://localhost:8090/app/entry.ts.bundle?platform=web&dev=true&hot=false&lazy=true&transform.engine=hermes&transform.routerRoot=.%2Fapp&unstable_transformProfile=hermes-stable:211137
[20881681ms] [LOG] [DEBUG] Skipping save: no life started yet (pristine initial state) @ http://localhost:8090/app/entry.ts.bundle?platform=web&dev=true&hot=false&lazy=true&transform.engine=hermes&transform.routerRoot=.%2Fapp&unstable_transformProfile=hermes-stable:211137
[20881681ms] [LOG] [DEBUG] Periodic auto-save completed @ http://localhost:8090/app/entry.ts.bundle?platform=web&dev=true&hot=false&lazy=true&transform.engine=hermes&transform.routerRoot=.%2Fapp&unstable_transformProfile=hermes-stable:211137
[21001682ms] [LOG] [DEBUG] Skipping save: no life started yet (pristine initial state) @ http://localhost:8090/app/entry.ts.bundle?platform=web&dev=true&hot=false&lazy=true&transform.engine=hermes&transform.routerRoot=.%2Fapp&unstable_transformProfile=hermes-stable:211137
[21001683ms] [LOG] [DEBUG] Periodic auto-save completed @ http://localhost:8090/app/entry.ts.bundle?platform=web&dev=true&hot=false&lazy=true&transform.engine=hermes&transform.routerRoot=.%2Fapp&unstable_transformProfile=hermes-stable:211137
[21121683ms] [LOG] [DEBUG] Skipping save: no life started yet (pristine initial state) @ http://localhost:8090/app/entry.ts.bundle?platform=web&dev=true&hot=false&lazy=true&transform.engine=hermes&transform.routerRoot=.%2Fapp&unstable_transformProfile=hermes-stable:211137
[21121683ms] [LOG] [DEBUG] Periodic auto-save completed @ http://localhost:8090/app/entry.ts.bundle?platform=web&dev=true&hot=false&lazy=true&transform.engine=hermes&transform.routerRoot=.%2Fapp&unstable_transformProfile=hermes-stable:211137
[21241683ms] [LOG] [DEBUG] Skipping save: no life started yet (pristine initial state) @ http://localhost:8090/app/entry.ts.bundle?platform=web&dev=true&hot=false&lazy=true&transform.engine=hermes&transform.routerRoot=.%2Fapp&unstable_transformProfile=hermes-stable:211137
[21241684ms] [LOG] [DEBUG] Periodic auto-save completed @ http://localhost:8090/app/entry.ts.bundle?platform=web&dev=true&hot=false&lazy=true&transform.engine=hermes&transform.routerRoot=.%2Fapp&unstable_transformProfile=hermes-stable:211137
[21361682ms] [LOG] [DEBUG] Skipping save: no life started yet (pristine initial state) @ http://localhost:8090/app/entry.ts.bundle?platform=web&dev=true&hot=false&lazy=true&transform.engine=hermes&transform.routerRoot=.%2Fapp&unstable_transformProfile=hermes-stable:211137
[21361683ms] [LOG] [DEBUG] Periodic auto-save completed @ http://localhost:8090/app/entry.ts.bundle?platform=web&dev=true&hot=false&lazy=true&transform.engine=hermes&transform.routerRoot=.%2Fapp&unstable_transformProfile=hermes-stable:211137
[21481684ms] [LOG] [DEBUG] Skipping save: no life started yet (pristine initial state) @ http://localhost:8090/app/entry.ts.bundle?platform=web&dev=true&hot=false&lazy=true&transform.engine=hermes&transform.routerRoot=.%2Fapp&unstable_transformProfile=hermes-stable:211137
[21481684ms] [LOG] [DEBUG] Periodic auto-save completed @ http://localhost:8090/app/entry.ts.bundle?platform=web&dev=true&hot=false&lazy=true&transform.engine=hermes&transform.routerRoot=.%2Fapp&unstable_transformProfile=hermes-stable:211137
[21601682ms] [LOG] [DEBUG] Skipping save: no life started yet (pristine initial state) @ http://localhost:8090/app/entry.ts.bundle?platform=web&dev=true&hot=false&lazy=true&transform.engine=hermes&transform.routerRoot=.%2Fapp&unstable_transformProfile=hermes-stable:211137
[21601683ms] [LOG] [DEBUG] Periodic auto-save completed @ http://localhost:8090/app/entry.ts.bundle?platform=web&dev=true&hot=false&lazy=true&transform.engine=hermes&transform.routerRoot=.%2Fapp&unstable_transformProfile=hermes-stable:211137
[21721683ms] [LOG] [DEBUG] Skipping save: no life started yet (pristine initial state) @ http://localhost:8090/app/entry.ts.bundle?platform=web&dev=true&hot=false&lazy=true&transform.engine=hermes&transform.routerRoot=.%2Fapp&unstable_transformProfile=hermes-stable:211137
[21721684ms] [LOG] [DEBUG] Periodic auto-save completed @ http://localhost:8090/app/entry.ts.bundle?platform=web&dev=true&hot=false&lazy=true&transform.engine=hermes&transform.routerRoot=.%2Fapp&unstable_transformProfile=hermes-stable:211137
[21841686ms] [LOG] [DEBUG] Skipping save: no life started yet (pristine initial state) @ http://localhost:8090/app/entry.ts.bundle?platform=web&dev=true&hot=false&lazy=true&transform.engine=hermes&transform.routerRoot=.%2Fapp&unstable_transformProfile=hermes-stable:211137
[21841687ms] [LOG] [DEBUG] Periodic auto-save completed @ http://localhost:8090/app/entry.ts.bundle?platform=web&dev=true&hot=false&lazy=true&transform.engine=hermes&transform.routerRoot=.%2Fapp&unstable_transformProfile=hermes-stable:211137
[21961682ms] [LOG] [DEBUG] Skipping save: no life started yet (pristine initial state) @ http://localhost:8090/app/entry.ts.bundle?platform=web&dev=true&hot=false&lazy=true&transform.engine=hermes&transform.routerRoot=.%2Fapp&unstable_transformProfile=hermes-stable:211137
[21961683ms] [LOG] [DEBUG] Periodic auto-save completed @ http://localhost:8090/app/entry.ts.bundle?platform=web&dev=true&hot=false&lazy=true&transform.engine=hermes&transform.routerRoot=.%2Fapp&unstable_transformProfile=hermes-stable:211137
[22081689ms] [LOG] [DEBUG] Skipping save: no life started yet (pristine initial state) @ http://localhost:8090/app/entry.ts.bundle?platform=web&dev=true&hot=false&lazy=true&transform.engine=hermes&transform.routerRoot=.%2Fapp&unstable_transformProfile=hermes-stable:211137
[22081690ms] [LOG] [DEBUG] Periodic auto-save completed @ http://localhost:8090/app/entry.ts.bundle?platform=web&dev=true&hot=false&lazy=true&transform.engine=hermes&transform.routerRoot=.%2Fapp&unstable_transformProfile=hermes-stable:211137
[22201684ms] [LOG] [DEBUG] Skipping save: no life started yet (pristine initial state) @ http://localhost:8090/app/entry.ts.bundle?platform=web&dev=true&hot=false&lazy=true&transform.engine=hermes&transform.routerRoot=.%2Fapp&unstable_transformProfile=hermes-stable:211137
[22201685ms] [LOG] [DEBUG] Periodic auto-save completed @ http://localhost:8090/app/entry.ts.bundle?platform=web&dev=true&hot=false&lazy=true&transform.engine=hermes&transform.routerRoot=.%2Fapp&unstable_transformProfile=hermes-stable:211137
[22321684ms] [LOG] [DEBUG] Skipping save: no life started yet (pristine initial state) @ http://localhost:8090/app/entry.ts.bundle?platform=web&dev=true&hot=false&lazy=true&transform.engine=hermes&transform.routerRoot=.%2Fapp&unstable_transformProfile=hermes-stable:211137
[22321685ms] [LOG] [DEBUG] Periodic auto-save completed @ http://localhost:8090/app/entry.ts.bundle?platform=web&dev=true&hot=false&lazy=true&transform.engine=hermes&transform.routerRoot=.%2Fapp&unstable_transformProfile=hermes-stable:211137
[22441682ms] [LOG] [DEBUG] Skipping save: no life started yet (pristine initial state) @ http://localhost:8090/app/entry.ts.bundle?platform=web&dev=true&hot=false&lazy=true&transform.engine=hermes&transform.routerRoot=.%2Fapp&unstable_transformProfile=hermes-stable:211137
[22441682ms] [LOG] [DEBUG] Periodic auto-save completed @ http://localhost:8090/app/entry.ts.bundle?platform=web&dev=true&hot=false&lazy=true&transform.engine=hermes&transform.routerRoot=.%2Fapp&unstable_transformProfile=hermes-stable:211137
[22561682ms] [LOG] [DEBUG] Skipping save: no life started yet (pristine initial state) @ http://localhost:8090/app/entry.ts.bundle?platform=web&dev=true&hot=false&lazy=true&transform.engine=hermes&transform.routerRoot=.%2Fapp&unstable_transformProfile=hermes-stable:211137
[22561683ms] [LOG] [DEBUG] Periodic auto-save completed @ http://localhost:8090/app/entry.ts.bundle?platform=web&dev=true&hot=false&lazy=true&transform.engine=hermes&transform.routerRoot=.%2Fapp&unstable_transformProfile=hermes-stable:211137
[22681685ms] [LOG] [DEBUG] Skipping save: no life started yet (pristine initial state) @ http://localhost:8090/app/entry.ts.bundle?platform=web&dev=true&hot=false&lazy=true&transform.engine=hermes&transform.routerRoot=.%2Fapp&unstable_transformProfile=hermes-stable:211137
[22681685ms] [LOG] [DEBUG] Periodic auto-save completed @ http://localhost:8090/app/entry.ts.bundle?platform=web&dev=true&hot=false&lazy=true&transform.engine=hermes&transform.routerRoot=.%2Fapp&unstable_transformProfile=hermes-stable:211137
[22801684ms] [LOG] [DEBUG] Skipping save: no life started yet (pristine initial state) @ http://localhost:8090/app/entry.ts.bundle?platform=web&dev=true&hot=false&lazy=true&transform.engine=hermes&transform.routerRoot=.%2Fapp&unstable_transformProfile=hermes-stable:211137
[22801684ms] [LOG] [DEBUG] Periodic auto-save completed @ http://localhost:8090/app/entry.ts.bundle?platform=web&dev=true&hot=false&lazy=true&transform.engine=hermes&transform.routerRoot=.%2Fapp&unstable_transformProfile=hermes-stable:211137
[22921685ms] [LOG] [DEBUG] Skipping save: no life started yet (pristine initial state) @ http://localhost:8090/app/entry.ts.bundle?platform=web&dev=true&hot=false&lazy=true&transform.engine=hermes&transform.routerRoot=.%2Fapp&unstable_transformProfile=hermes-stable:211137
[22921685ms] [LOG] [DEBUG] Periodic auto-save completed @ http://localhost:8090/app/entry.ts.bundle?platform=web&dev=true&hot=false&lazy=true&transform.engine=hermes&transform.routerRoot=.%2Fapp&unstable_transformProfile=hermes-stable:211137
[23041687ms] [LOG] [DEBUG] Skipping save: no life started yet (pristine initial state) @ http://localhost:8090/app/entry.ts.bundle?platform=web&dev=true&hot=false&lazy=true&transform.engine=hermes&transform.routerRoot=.%2Fapp&unstable_transformProfile=hermes-stable:211137
[23041688ms] [LOG] [DEBUG] Periodic auto-save completed @ http://localhost:8090/app/entry.ts.bundle?platform=web&dev=true&hot=false&lazy=true&transform.engine=hermes&transform.routerRoot=.%2Fapp&unstable_transformProfile=hermes-stable:211137
[23161686ms] [LOG] [DEBUG] Skipping save: no life started yet (pristine initial state) @ http://localhost:8090/app/entry.ts.bundle?platform=web&dev=true&hot=false&lazy=true&transform.engine=hermes&transform.routerRoot=.%2Fapp&unstable_transformProfile=hermes-stable:211137
[23161686ms] [LOG] [DEBUG] Periodic auto-save completed @ http://localhost:8090/app/entry.ts.bundle?platform=web&dev=true&hot=false&lazy=true&transform.engine=hermes&transform.routerRoot=.%2Fapp&unstable_transformProfile=hermes-stable:211137
[23281685ms] [LOG] [DEBUG] Skipping save: no life started yet (pristine initial state) @ http://localhost:8090/app/entry.ts.bundle?platform=web&dev=true&hot=false&lazy=true&transform.engine=hermes&transform.routerRoot=.%2Fapp&unstable_transformProfile=hermes-stable:211137
[23281685ms] [LOG] [DEBUG] Periodic auto-save completed @ http://localhost:8090/app/entry.ts.bundle?platform=web&dev=true&hot=false&lazy=true&transform.engine=hermes&transform.routerRoot=.%2Fapp&unstable_transformProfile=hermes-stable:211137
[23401686ms] [LOG] [DEBUG] Skipping save: no life started yet (pristine initial state) @ http://localhost:8090/app/entry.ts.bundle?platform=web&dev=true&hot=false&lazy=true&transform.engine=hermes&transform.routerRoot=.%2Fapp&unstable_transformProfile=hermes-stable:211137
[23401687ms] [LOG] [DEBUG] Periodic auto-save completed @ http://localhost:8090/app/entry.ts.bundle?platform=web&dev=true&hot=false&lazy=true&transform.engine=hermes&transform.routerRoot=.%2Fapp&unstable_transformProfile=hermes-stable:211137
[23521686ms] [LOG] [DEBUG] Skipping save: no life started yet (pristine initial state) @ http://localhost:8090/app/entry.ts.bundle?platform=web&dev=true&hot=false&lazy=true&transform.engine=hermes&transform.routerRoot=.%2Fapp&unstable_transformProfile=hermes-stable:211137
[23521687ms] [LOG] [DEBUG] Periodic auto-save completed @ http://localhost:8090/app/entry.ts.bundle?platform=web&dev=true&hot=false&lazy=true&transform.engine=hermes&transform.routerRoot=.%2Fapp&unstable_transformProfile=hermes-stable:211137
[23641686ms] [LOG] [DEBUG] Skipping save: no life started yet (pristine initial state) @ http://localhost:8090/app/entry.ts.bundle?platform=web&dev=true&hot=false&lazy=true&transform.engine=hermes&transform.routerRoot=.%2Fapp&unstable_transformProfile=hermes-stable:211137
[23641687ms] [LOG] [DEBUG] Periodic auto-save completed @ http://localhost:8090/app/entry.ts.bundle?platform=web&dev=true&hot=false&lazy=true&transform.engine=hermes&transform.routerRoot=.%2Fapp&unstable_transformProfile=hermes-stable:211137
[23761685ms] [LOG] [DEBUG] Skipping save: no life started yet (pristine initial state) @ http://localhost:8090/app/entry.ts.bundle?platform=web&dev=true&hot=false&lazy=true&transform.engine=hermes&transform.routerRoot=.%2Fapp&unstable_transformProfile=hermes-stable:211137
[23761686ms] [LOG] [DEBUG] Periodic auto-save completed @ http://localhost:8090/app/entry.ts.bundle?platform=web&dev=true&hot=false&lazy=true&transform.engine=hermes&transform.routerRoot=.%2Fapp&unstable_transformProfile=hermes-stable:211137
[23881687ms] [LOG] [DEBUG] Skipping save: no life started yet (pristine initial state) @ http://localhost:8090/app/entry.ts.bundle?platform=web&dev=true&hot=false&lazy=true&transform.engine=hermes&transform.routerRoot=.%2Fapp&unstable_transformProfile=hermes-stable:211137
[23881687ms] [LOG] [DEBUG] Periodic auto-save completed @ http://localhost:8090/app/entry.ts.bundle?platform=web&dev=true&hot=false&lazy=true&transform.engine=hermes&transform.routerRoot=.%2Fapp&unstable_transformProfile=hermes-stable:211137
[24001690ms] [LOG] [DEBUG] Skipping save: no life started yet (pristine initial state) @ http://localhost:8090/app/entry.ts.bundle?platform=web&dev=true&hot=false&lazy=true&transform.engine=hermes&transform.routerRoot=.%2Fapp&unstable_transformProfile=hermes-stable:211137
[24001691ms] [LOG] [DEBUG] Periodic auto-save completed @ http://localhost:8090/app/entry.ts.bundle?platform=web&dev=true&hot=false&lazy=true&transform.engine=hermes&transform.routerRoot=.%2Fapp&unstable_transformProfile=hermes-stable:211137
[24121685ms] [LOG] [DEBUG] Skipping save: no life started yet (pristine initial state) @ http://localhost:8090/app/entry.ts.bundle?platform=web&dev=true&hot=false&lazy=true&transform.engine=hermes&transform.routerRoot=.%2Fapp&unstable_transformProfile=hermes-stable:211137
[24121686ms] [LOG] [DEBUG] Periodic auto-save completed @ http://localhost:8090/app/entry.ts.bundle?platform=web&dev=true&hot=false&lazy=true&transform.engine=hermes&transform.routerRoot=.%2Fapp&unstable_transformProfile=hermes-stable:211137
[24241685ms] [LOG] [DEBUG] Skipping save: no life started yet (pristine initial state) @ http://localhost:8090/app/entry.ts.bundle?platform=web&dev=true&hot=false&lazy=true&transform.engine=hermes&transform.routerRoot=.%2Fapp&unstable_transformProfile=hermes-stable:211137
[24241686ms] [LOG] [DEBUG] Periodic auto-save completed @ http://localhost:8090/app/entry.ts.bundle?platform=web&dev=true&hot=false&lazy=true&transform.engine=hermes&transform.routerRoot=.%2Fapp&unstable_transformProfile=hermes-stable:211137
[24361685ms] [LOG] [DEBUG] Skipping save: no life started yet (pristine initial state) @ http://localhost:8090/app/entry.ts.bundle?platform=web&dev=true&hot=false&lazy=true&transform.engine=hermes&transform.routerRoot=.%2Fapp&unstable_transformProfile=hermes-stable:211137
[24361685ms] [LOG] [DEBUG] Periodic auto-save completed @ http://localhost:8090/app/entry.ts.bundle?platform=web&dev=true&hot=false&lazy=true&transform.engine=hermes&transform.routerRoot=.%2Fapp&unstable_transformProfile=hermes-stable:211137
[24481686ms] [LOG] [DEBUG] Skipping save: no life started yet (pristine initial state) @ http://localhost:8090/app/entry.ts.bundle?platform=web&dev=true&hot=false&lazy=true&transform.engine=hermes&transform.routerRoot=.%2Fapp&unstable_transformProfile=hermes-stable:211137
[24481686ms] [LOG] [DEBUG] Periodic auto-save completed @ http://localhost:8090/app/entry.ts.bundle?platform=web&dev=true&hot=false&lazy=true&transform.engine=hermes&transform.routerRoot=.%2Fapp&unstable_transformProfile=hermes-stable:211137
[24601686ms] [LOG] [DEBUG] Skipping save: no life started yet (pristine initial state) @ http://localhost:8090/app/entry.ts.bundle?platform=web&dev=true&hot=false&lazy=true&transform.engine=hermes&transform.routerRoot=.%2Fapp&unstable_transformProfile=hermes-stable:211137
[24601687ms] [LOG] [DEBUG] Periodic auto-save completed @ http://localhost:8090/app/entry.ts.bundle?platform=web&dev=true&hot=false&lazy=true&transform.engine=hermes&transform.routerRoot=.%2Fapp&unstable_transformProfile=hermes-stable:211137
[24721690ms] [LOG] [DEBUG] Skipping save: no life started yet (pristine initial state) @ http://localhost:8090/app/entry.ts.bundle?platform=web&dev=true&hot=false&lazy=true&transform.engine=hermes&transform.routerRoot=.%2Fapp&unstable_transformProfile=hermes-stable:211137
[24721691ms] [LOG] [DEBUG] Periodic auto-save completed @ http://localhost:8090/app/entry.ts.bundle?platform=web&dev=true&hot=false&lazy=true&transform.engine=hermes&transform.routerRoot=.%2Fapp&unstable_transformProfile=hermes-stable:211137
[24841686ms] [LOG] [DEBUG] Skipping save: no life started yet (pristine initial state) @ http://localhost:8090/app/entry.ts.bundle?platform=web&dev=true&hot=false&lazy=true&transform.engine=hermes&transform.routerRoot=.%2Fapp&unstable_transformProfile=hermes-stable:211137
[24841687ms] [LOG] [DEBUG] Periodic auto-save completed @ http://localhost:8090/app/entry.ts.bundle?platform=web&dev=true&hot=false&lazy=true&transform.engine=hermes&transform.routerRoot=.%2Fapp&unstable_transformProfile=hermes-stable:211137
[24961688ms] [LOG] [DEBUG] Skipping save: no life started yet (pristine initial state) @ http://localhost:8090/app/entry.ts.bundle?platform=web&dev=true&hot=false&lazy=true&transform.engine=hermes&transform.routerRoot=.%2Fapp&unstable_transformProfile=hermes-stable:211137
[24961689ms] [LOG] [DEBUG] Periodic auto-save completed @ http://localhost:8090/app/entry.ts.bundle?platform=web&dev=true&hot=false&lazy=true&transform.engine=hermes&transform.routerRoot=.%2Fapp&unstable_transformProfile=hermes-stable:211137
[25081688ms] [LOG] [DEBUG] Skipping save: no life started yet (pristine initial state) @ http://localhost:8090/app/entry.ts.bundle?platform=web&dev=true&hot=false&lazy=true&transform.engine=hermes&transform.routerRoot=.%2Fapp&unstable_transformProfile=hermes-stable:211137
[25081689ms] [LOG] [DEBUG] Periodic auto-save completed @ http://localhost:8090/app/entry.ts.bundle?platform=web&dev=true&hot=false&lazy=true&transform.engine=hermes&transform.routerRoot=.%2Fapp&unstable_transformProfile=hermes-stable:211137
[25201685ms] [LOG] [DEBUG] Skipping save: no life started yet (pristine initial state) @ http://localhost:8090/app/entry.ts.bundle?platform=web&dev=true&hot=false&lazy=true&transform.engine=hermes&transform.routerRoot=.%2Fapp&unstable_transformProfile=hermes-stable:211137
[25201686ms] [LOG] [DEBUG] Periodic auto-save completed @ http://localhost:8090/app/entry.ts.bundle?platform=web&dev=true&hot=false&lazy=true&transform.engine=hermes&transform.routerRoot=.%2Fapp&unstable_transformProfile=hermes-stable:211137
[25321686ms] [LOG] [DEBUG] Skipping save: no life started yet (pristine initial state) @ http://localhost:8090/app/entry.ts.bundle?platform=web&dev=true&hot=false&lazy=true&transform.engine=hermes&transform.routerRoot=.%2Fapp&unstable_transformProfile=hermes-stable:211137
[25321687ms] [LOG] [DEBUG] Periodic auto-save completed @ http://localhost:8090/app/entry.ts.bundle?platform=web&dev=true&hot=false&lazy=true&transform.engine=hermes&transform.routerRoot=.%2Fapp&unstable_transformProfile=hermes-stable:211137
[25441686ms] [LOG] [DEBUG] Skipping save: no life started yet (pristine initial state) @ http://localhost:8090/app/entry.ts.bundle?platform=web&dev=true&hot=false&lazy=true&transform.engine=hermes&transform.routerRoot=.%2Fapp&unstable_transformProfile=hermes-stable:211137
[25441687ms] [LOG] [DEBUG] Periodic auto-save completed @ http://localhost:8090/app/entry.ts.bundle?platform=web&dev=true&hot=false&lazy=true&transform.engine=hermes&transform.routerRoot=.%2Fapp&unstable_transformProfile=hermes-stable:211137
[25561685ms] [LOG] [DEBUG] Skipping save: no life started yet (pristine initial state) @ http://localhost:8090/app/entry.ts.bundle?platform=web&dev=true&hot=false&lazy=true&transform.engine=hermes&transform.routerRoot=.%2Fapp&unstable_transformProfile=hermes-stable:211137
[25561686ms] [LOG] [DEBUG] Periodic auto-save completed @ http://localhost:8090/app/entry.ts.bundle?platform=web&dev=true&hot=false&lazy=true&transform.engine=hermes&transform.routerRoot=.%2Fapp&unstable_transformProfile=hermes-stable:211137
[25681688ms] [LOG] [DEBUG] Skipping save: no life started yet (pristine initial state) @ http://localhost:8090/app/entry.ts.bundle?platform=web&dev=true&hot=false&lazy=true&transform.engine=hermes&transform.routerRoot=.%2Fapp&unstable_transformProfile=hermes-stable:211137
[25681689ms] [LOG] [DEBUG] Periodic auto-save completed @ http://localhost:8090/app/entry.ts.bundle?platform=web&dev=true&hot=false&lazy=true&transform.engine=hermes&transform.routerRoot=.%2Fapp&unstable_transformProfile=hermes-stable:211137
[25801686ms] [LOG] [DEBUG] Skipping save: no life started yet (pristine initial state) @ http://localhost:8090/app/entry.ts.bundle?platform=web&dev=true&hot=false&lazy=true&transform.engine=hermes&transform.routerRoot=.%2Fapp&unstable_transformProfile=hermes-stable:211137
[25801686ms] [LOG] [DEBUG] Periodic auto-save completed @ http://localhost:8090/app/entry.ts.bundle?platform=web&dev=true&hot=false&lazy=true&transform.engine=hermes&transform.routerRoot=.%2Fapp&unstable_transformProfile=hermes-stable:211137
[25921686ms] [LOG] [DEBUG] Skipping save: no life started yet (pristine initial state) @ http://localhost:8090/app/entry.ts.bundle?platform=web&dev=true&hot=false&lazy=true&transform.engine=hermes&transform.routerRoot=.%2Fapp&unstable_transformProfile=hermes-stable:211137
[25921687ms] [LOG] [DEBUG] Periodic auto-save completed @ http://localhost:8090/app/entry.ts.bundle?platform=web&dev=true&hot=false&lazy=true&transform.engine=hermes&transform.routerRoot=.%2Fapp&unstable_transformProfile=hermes-stable:211137
[26041686ms] [LOG] [DEBUG] Skipping save: no life started yet (pristine initial state) @ http://localhost:8090/app/entry.ts.bundle?platform=web&dev=true&hot=false&lazy=true&transform.engine=hermes&transform.routerRoot=.%2Fapp&unstable_transformProfile=hermes-stable:211137
[26041686ms] [LOG] [DEBUG] Periodic auto-save completed @ http://localhost:8090/app/entry.ts.bundle?platform=web&dev=true&hot=false&lazy=true&transform.engine=hermes&transform.routerRoot=.%2Fapp&unstable_transformProfile=hermes-stable:211137
[26161690ms] [LOG] [DEBUG] Skipping save: no life started yet (pristine initial state) @ http://localhost:8090/app/entry.ts.bundle?platform=web&dev=true&hot=false&lazy=true&transform.engine=hermes&transform.routerRoot=.%2Fapp&unstable_transformProfile=hermes-stable:211137
[26161691ms] [LOG] [DEBUG] Periodic auto-save completed @ http://localhost:8090/app/entry.ts.bundle?platform=web&dev=true&hot=false&lazy=true&transform.engine=hermes&transform.routerRoot=.%2Fapp&unstable_transformProfile=hermes-stable:211137
[26281688ms] [LOG] [DEBUG] Skipping save: no life started yet (pristine initial state) @ http://localhost:8090/app/entry.ts.bundle?platform=web&dev=true&hot=false&lazy=true&transform.engine=hermes&transform.routerRoot=.%2Fapp&unstable_transformProfile=hermes-stable:211137
[26281689ms] [LOG] [DEBUG] Periodic auto-save completed @ http://localhost:8090/app/entry.ts.bundle?platform=web&dev=true&hot=false&lazy=true&transform.engine=hermes&transform.routerRoot=.%2Fapp&unstable_transformProfile=hermes-stable:211137
[26401688ms] [LOG] [DEBUG] Skipping save: no life started yet (pristine initial state) @ http://localhost:8090/app/entry.ts.bundle?platform=web&dev=true&hot=false&lazy=true&transform.engine=hermes&transform.routerRoot=.%2Fapp&unstable_transformProfile=hermes-stable:211137
[26401688ms] [LOG] [DEBUG] Periodic auto-save completed @ http://localhost:8090/app/entry.ts.bundle?platform=web&dev=true&hot=false&lazy=true&transform.engine=hermes&transform.routerRoot=.%2Fapp&unstable_transformProfile=hermes-stable:211137
[26521689ms] [LOG] [DEBUG] Skipping save: no life started yet (pristine initial state) @ http://localhost:8090/app/entry.ts.bundle?platform=web&dev=true&hot=false&lazy=true&transform.engine=hermes&transform.routerRoot=.%2Fapp&unstable_transformProfile=hermes-stable:211137
[26521690ms] [LOG] [DEBUG] Periodic auto-save completed @ http://localhost:8090/app/entry.ts.bundle?platform=web&dev=true&hot=false&lazy=true&transform.engine=hermes&transform.routerRoot=.%2Fapp&unstable_transformProfile=hermes-stable:211137
[26641686ms] [LOG] [DEBUG] Skipping save: no life started yet (pristine initial state) @ http://localhost:8090/app/entry.ts.bundle?platform=web&dev=true&hot=false&lazy=true&transform.engine=hermes&transform.routerRoot=.%2Fapp&unstable_transformProfile=hermes-stable:211137
[26641687ms] [LOG] [DEBUG] Periodic auto-save completed @ http://localhost:8090/app/entry.ts.bundle?platform=web&dev=true&hot=false&lazy=true&transform.engine=hermes&transform.routerRoot=.%2Fapp&unstable_transformProfile=hermes-stable:211137
[26761689ms] [LOG] [DEBUG] Skipping save: no life started yet (pristine initial state) @ http://localhost:8090/app/entry.ts.bundle?platform=web&dev=true&hot=false&lazy=true&transform.engine=hermes&transform.routerRoot=.%2Fapp&unstable_transformProfile=hermes-stable:211137
[26761689ms] [LOG] [DEBUG] Periodic auto-save completed @ http://localhost:8090/app/entry.ts.bundle?platform=web&dev=true&hot=false&lazy=true&transform.engine=hermes&transform.routerRoot=.%2Fapp&unstable_transformProfile=hermes-stable:211137
[26881688ms] [LOG] [DEBUG] Skipping save: no life started yet (pristine initial state) @ http://localhost:8090/app/entry.ts.bundle?platform=web&dev=true&hot=false&lazy=true&transform.engine=hermes&transform.routerRoot=.%2Fapp&unstable_transformProfile=hermes-stable:211137
[26881689ms] [LOG] [DEBUG] Periodic auto-save completed @ http://localhost:8090/app/entry.ts.bundle?platform=web&dev=true&hot=false&lazy=true&transform.engine=hermes&transform.routerRoot=.%2Fapp&unstable_transformProfile=hermes-stable:211137
[27001687ms] [LOG] [DEBUG] Skipping save: no life started yet (pristine initial state) @ http://localhost:8090/app/entry.ts.bundle?platform=web&dev=true&hot=false&lazy=true&transform.engine=hermes&transform.routerRoot=.%2Fapp&unstable_transformProfile=hermes-stable:211137
[27001687ms] [LOG] [DEBUG] Periodic auto-save completed @ http://localhost:8090/app/entry.ts.bundle?platform=web&dev=true&hot=false&lazy=true&transform.engine=hermes&transform.routerRoot=.%2Fapp&unstable_transformProfile=hermes-stable:211137
[27121694ms] [LOG] [DEBUG] Skipping save: no life started yet (pristine initial state) @ http://localhost:8090/app/entry.ts.bundle?platform=web&dev=true&hot=false&lazy=true&transform.engine=hermes&transform.routerRoot=.%2Fapp&unstable_transformProfile=hermes-stable:211137
[27121694ms] [LOG] [DEBUG] Periodic auto-save completed @ http://localhost:8090/app/entry.ts.bundle?platform=web&dev=true&hot=false&lazy=true&transform.engine=hermes&transform.routerRoot=.%2Fapp&unstable_transformProfile=hermes-stable:211137
[27241688ms] [LOG] [DEBUG] Skipping save: no life started yet (pristine initial state) @ http://localhost:8090/app/entry.ts.bundle?platform=web&dev=true&hot=false&lazy=true&transform.engine=hermes&transform.routerRoot=.%2Fapp&unstable_transformProfile=hermes-stable:211137
[27241689ms] [LOG] [DEBUG] Periodic auto-save completed @ http://localhost:8090/app/entry.ts.bundle?platform=web&dev=true&hot=false&lazy=true&transform.engine=hermes&transform.routerRoot=.%2Fapp&unstable_transformProfile=hermes-stable:211137
[27361689ms] [LOG] [DEBUG] Skipping save: no life started yet (pristine initial state) @ http://localhost:8090/app/entry.ts.bundle?platform=web&dev=true&hot=false&lazy=true&transform.engine=hermes&transform.routerRoot=.%2Fapp&unstable_transformProfile=hermes-stable:211137
[27361689ms] [LOG] [DEBUG] Periodic auto-save completed @ http://localhost:8090/app/entry.ts.bundle?platform=web&dev=true&hot=false&lazy=true&transform.engine=hermes&transform.routerRoot=.%2Fapp&unstable_transformProfile=hermes-stable:211137
[27481688ms] [LOG] [DEBUG] Skipping save: no life started yet (pristine initial state) @ http://localhost:8090/app/entry.ts.bundle?platform=web&dev=true&hot=false&lazy=true&transform.engine=hermes&transform.routerRoot=.%2Fapp&unstable_transformProfile=hermes-stable:211137
[27481688ms] [LOG] [DEBUG] Periodic auto-save completed @ http://localhost:8090/app/entry.ts.bundle?platform=web&dev=true&hot=false&lazy=true&transform.engine=hermes&transform.routerRoot=.%2Fapp&unstable_transformProfile=hermes-stable:211137
[27601687ms] [LOG] [DEBUG] Skipping save: no life started yet (pristine initial state) @ http://localhost:8090/app/entry.ts.bundle?platform=web&dev=true&hot=false&lazy=true&transform.engine=hermes&transform.routerRoot=.%2Fapp&unstable_transformProfile=hermes-stable:211137
[27601688ms] [LOG] [DEBUG] Periodic auto-save completed @ http://localhost:8090/app/entry.ts.bundle?platform=web&dev=true&hot=false&lazy=true&transform.engine=hermes&transform.routerRoot=.%2Fapp&unstable_transformProfile=hermes-stable:211137
[27721691ms] [LOG] [DEBUG] Skipping save: no life started yet (pristine initial state) @ http://localhost:8090/app/entry.ts.bundle?platform=web&dev=true&hot=false&lazy=true&transform.engine=hermes&transform.routerRoot=.%2Fapp&unstable_transformProfile=hermes-stable:211137
[27721691ms] [LOG] [DEBUG] Periodic auto-save completed @ http://localhost:8090/app/entry.ts.bundle?platform=web&dev=true&hot=false&lazy=true&transform.engine=hermes&transform.routerRoot=.%2Fapp&unstable_transformProfile=hermes-stable:211137
[27841690ms] [LOG] [DEBUG] Skipping save: no life started yet (pristine initial state) @ http://localhost:8090/app/entry.ts.bundle?platform=web&dev=true&hot=false&lazy=true&transform.engine=hermes&transform.routerRoot=.%2Fapp&unstable_transformProfile=hermes-stable:211137
[27841691ms] [LOG] [DEBUG] Periodic auto-save completed @ http://localhost:8090/app/entry.ts.bundle?platform=web&dev=true&hot=false&lazy=true&transform.engine=hermes&transform.routerRoot=.%2Fapp&unstable_transformProfile=hermes-stable:211137
[27961691ms] [LOG] [DEBUG] Skipping save: no life started yet (pristine initial state) @ http://localhost:8090/app/entry.ts.bundle?platform=web&dev=true&hot=false&lazy=true&transform.engine=hermes&transform.routerRoot=.%2Fapp&unstable_transformProfile=hermes-stable:211137
[27961692ms] [LOG] [DEBUG] Periodic auto-save completed @ http://localhost:8090/app/entry.ts.bundle?platform=web&dev=true&hot=false&lazy=true&transform.engine=hermes&transform.routerRoot=.%2Fapp&unstable_transformProfile=hermes-stable:211137
[28081692ms] [LOG] [DEBUG] Skipping save: no life started yet (pristine initial state) @ http://localhost:8090/app/entry.ts.bundle?platform=web&dev=true&hot=false&lazy=true&transform.engine=hermes&transform.routerRoot=.%2Fapp&unstable_transformProfile=hermes-stable:211137
[28081693ms] [LOG] [DEBUG] Periodic auto-save completed @ http://localhost:8090/app/entry.ts.bundle?platform=web&dev=true&hot=false&lazy=true&transform.engine=hermes&transform.routerRoot=.%2Fapp&unstable_transformProfile=hermes-stable:211137
[28201688ms] [LOG] [DEBUG] Skipping save: no life started yet (pristine initial state) @ http://localhost:8090/app/entry.ts.bundle?platform=web&dev=true&hot=false&lazy=true&transform.engine=hermes&transform.routerRoot=.%2Fapp&unstable_transformProfile=hermes-stable:211137
[28201689ms] [LOG] [DEBUG] Periodic auto-save completed @ http://localhost:8090/app/entry.ts.bundle?platform=web&dev=true&hot=false&lazy=true&transform.engine=hermes&transform.routerRoot=.%2Fapp&unstable_transformProfile=hermes-stable:211137
[28321689ms] [LOG] [DEBUG] Skipping save: no life started yet (pristine initial state) @ http://localhost:8090/app/entry.ts.bundle?platform=web&dev=true&hot=false&lazy=true&transform.engine=hermes&transform.routerRoot=.%2Fapp&unstable_transformProfile=hermes-stable:211137
[28321689ms] [LOG] [DEBUG] Periodic auto-save completed @ http://localhost:8090/app/entry.ts.bundle?platform=web&dev=true&hot=false&lazy=true&transform.engine=hermes&transform.routerRoot=.%2Fapp&unstable_transformProfile=hermes-stable:211137
[28441689ms] [LOG] [DEBUG] Skipping save: no life started yet (pristine initial state) @ http://localhost:8090/app/entry.ts.bundle?platform=web&dev=true&hot=false&lazy=true&transform.engine=hermes&transform.routerRoot=.%2Fapp&unstable_transformProfile=hermes-stable:211137
[28441690ms] [LOG] [DEBUG] Periodic auto-save completed @ http://localhost:8090/app/entry.ts.bundle?platform=web&dev=true&hot=false&lazy=true&transform.engine=hermes&transform.routerRoot=.%2Fapp&unstable_transformProfile=hermes-stable:211137
[28561690ms] [LOG] [DEBUG] Skipping save: no life started yet (pristine initial state) @ http://localhost:8090/app/entry.ts.bundle?platform=web&dev=true&hot=false&lazy=true&transform.engine=hermes&transform.routerRoot=.%2Fapp&unstable_transformProfile=hermes-stable:211137
[28561691ms] [LOG] [DEBUG] Periodic auto-save completed @ http://localhost:8090/app/entry.ts.bundle?platform=web&dev=true&hot=false&lazy=true&transform.engine=hermes&transform.routerRoot=.%2Fapp&unstable_transformProfile=hermes-stable:211137
[28681689ms] [LOG] [DEBUG] Skipping save: no life started yet (pristine initial state) @ http://localhost:8090/app/entry.ts.bundle?platform=web&dev=true&hot=false&lazy=true&transform.engine=hermes&transform.routerRoot=.%2Fapp&unstable_transformProfile=hermes-stable:211137
[28681690ms] [LOG] [DEBUG] Periodic auto-save completed @ http://localhost:8090/app/entry.ts.bundle?platform=web&dev=true&hot=false&lazy=true&transform.engine=hermes&transform.routerRoot=.%2Fapp&unstable_transformProfile=hermes-stable:211137
[28801692ms] [LOG] [DEBUG] Skipping save: no life started yet (pristine initial state) @ http://localhost:8090/app/entry.ts.bundle?platform=web&dev=true&hot=false&lazy=true&transform.engine=hermes&transform.routerRoot=.%2Fapp&unstable_transformProfile=hermes-stable:211137
[28801693ms] [LOG] [DEBUG] Periodic auto-save completed @ http://localhost:8090/app/entry.ts.bundle?platform=web&dev=true&hot=false&lazy=true&transform.engine=hermes&transform.routerRoot=.%2Fapp&unstable_transformProfile=hermes-stable:211137
[28921691ms] [LOG] [DEBUG] Skipping save: no life started yet (pristine initial state) @ http://localhost:8090/app/entry.ts.bundle?platform=web&dev=true&hot=false&lazy=true&transform.engine=hermes&transform.routerRoot=.%2Fapp&unstable_transformProfile=hermes-stable:211137
[28921691ms] [LOG] [DEBUG] Periodic auto-save completed @ http://localhost:8090/app/entry.ts.bundle?platform=web&dev=true&hot=false&lazy=true&transform.engine=hermes&transform.routerRoot=.%2Fapp&unstable_transformProfile=hermes-stable:211137
[29041690ms] [LOG] [DEBUG] Skipping save: no life started yet (pristine initial state) @ http://localhost:8090/app/entry.ts.bundle?platform=web&dev=true&hot=false&lazy=true&transform.engine=hermes&transform.routerRoot=.%2Fapp&unstable_transformProfile=hermes-stable:211137
[29041691ms] [LOG] [DEBUG] Periodic auto-save completed @ http://localhost:8090/app/entry.ts.bundle?platform=web&dev=true&hot=false&lazy=true&transform.engine=hermes&transform.routerRoot=.%2Fapp&unstable_transformProfile=hermes-stable:211137
[29161690ms] [LOG] [DEBUG] Skipping save: no life started yet (pristine initial state) @ http://localhost:8090/app/entry.ts.bundle?platform=web&dev=true&hot=false&lazy=true&transform.engine=hermes&transform.routerRoot=.%2Fapp&unstable_transformProfile=hermes-stable:211137
[29161691ms] [LOG] [DEBUG] Periodic auto-save completed @ http://localhost:8090/app/entry.ts.bundle?platform=web&dev=true&hot=false&lazy=true&transform.engine=hermes&transform.routerRoot=.%2Fapp&unstable_transformProfile=hermes-stable:211137
[29281692ms] [LOG] [DEBUG] Skipping save: no life started yet (pristine initial state) @ http://localhost:8090/app/entry.ts.bundle?platform=web&dev=true&hot=false&lazy=true&transform.engine=hermes&transform.routerRoot=.%2Fapp&unstable_transformProfile=hermes-stable:211137
[29281693ms] [LOG] [DEBUG] Periodic auto-save completed @ http://localhost:8090/app/entry.ts.bundle?platform=web&dev=true&hot=false&lazy=true&transform.engine=hermes&transform.routerRoot=.%2Fapp&unstable_transformProfile=hermes-stable:211137
[29401692ms] [LOG] [DEBUG] Skipping save: no life started yet (pristine initial state) @ http://localhost:8090/app/entry.ts.bundle?platform=web&dev=true&hot=false&lazy=true&transform.engine=hermes&transform.routerRoot=.%2Fapp&unstable_transformProfile=hermes-stable:211137
[29401692ms] [LOG] [DEBUG] Periodic auto-save completed @ http://localhost:8090/app/entry.ts.bundle?platform=web&dev=true&hot=false&lazy=true&transform.engine=hermes&transform.routerRoot=.%2Fapp&unstable_transformProfile=hermes-stable:211137
[29521693ms] [LOG] [DEBUG] Skipping save: no life started yet (pristine initial state) @ http://localhost:8090/app/entry.ts.bundle?platform=web&dev=true&hot=false&lazy=true&transform.engine=hermes&transform.routerRoot=.%2Fapp&unstable_transformProfile=hermes-stable:211137
[29521693ms] [LOG] [DEBUG] Periodic auto-save completed @ http://localhost:8090/app/entry.ts.bundle?platform=web&dev=true&hot=false&lazy=true&transform.engine=hermes&transform.routerRoot=.%2Fapp&unstable_transformProfile=hermes-stable:211137
[29641691ms] [LOG] [DEBUG] Skipping save: no life started yet (pristine initial state) @ http://localhost:8090/app/entry.ts.bundle?platform=web&dev=true&hot=false&lazy=true&transform.engine=hermes&transform.routerRoot=.%2Fapp&unstable_transformProfile=hermes-stable:211137
[29641692ms] [LOG] [DEBUG] Periodic auto-save completed @ http://localhost:8090/app/entry.ts.bundle?platform=web&dev=true&hot=false&lazy=true&transform.engine=hermes&transform.routerRoot=.%2Fapp&unstable_transformProfile=hermes-stable:211137
[29761696ms] [LOG] [DEBUG] Skipping save: no life started yet (pristine initial state) @ http://localhost:8090/app/entry.ts.bundle?platform=web&dev=true&hot=false&lazy=true&transform.engine=hermes&transform.routerRoot=.%2Fapp&unstable_transformProfile=hermes-stable:211137
[29761696ms] [LOG] [DEBUG] Periodic auto-save completed @ http://localhost:8090/app/entry.ts.bundle?platform=web&dev=true&hot=false&lazy=true&transform.engine=hermes&transform.routerRoot=.%2Fapp&unstable_transformProfile=hermes-stable:211137
[29881692ms] [LOG] [DEBUG] Skipping save: no life started yet (pristine initial state) @ http://localhost:8090/app/entry.ts.bundle?platform=web&dev=true&hot=false&lazy=true&transform.engine=hermes&transform.routerRoot=.%2Fapp&unstable_transformProfile=hermes-stable:211137
[29881692ms] [LOG] [DEBUG] Periodic auto-save completed @ http://localhost:8090/app/entry.ts.bundle?platform=web&dev=true&hot=false&lazy=true&transform.engine=hermes&transform.routerRoot=.%2Fapp&unstable_transformProfile=hermes-stable:211137
[30001690ms] [LOG] [DEBUG] Skipping save: no life started yet (pristine initial state) @ http://localhost:8090/app/entry.ts.bundle?platform=web&dev=true&hot=false&lazy=true&transform.engine=hermes&transform.routerRoot=.%2Fapp&unstable_transformProfile=hermes-stable:211137
[30001691ms] [LOG] [DEBUG] Periodic auto-save completed @ http://localhost:8090/app/entry.ts.bundle?platform=web&dev=true&hot=false&lazy=true&transform.engine=hermes&transform.routerRoot=.%2Fapp&unstable_transformProfile=hermes-stable:211137
[30121693ms] [LOG] [DEBUG] Skipping save: no life started yet (pristine initial state) @ http://localhost:8090/app/entry.ts.bundle?platform=web&dev=true&hot=false&lazy=true&transform.engine=hermes&transform.routerRoot=.%2Fapp&unstable_transformProfile=hermes-stable:211137
[30121693ms] [LOG] [DEBUG] Periodic auto-save completed @ http://localhost:8090/app/entry.ts.bundle?platform=web&dev=true&hot=false&lazy=true&transform.engine=hermes&transform.routerRoot=.%2Fapp&unstable_transformProfile=hermes-stable:211137
[30241692ms] [LOG] [DEBUG] Skipping save: no life started yet (pristine initial state) @ http://localhost:8090/app/entry.ts.bundle?platform=web&dev=true&hot=false&lazy=true&transform.engine=hermes&transform.routerRoot=.%2Fapp&unstable_transformProfile=hermes-stable:211137
[30241693ms] [LOG] [DEBUG] Periodic auto-save completed @ http://localhost:8090/app/entry.ts.bundle?platform=web&dev=true&hot=false&lazy=true&transform.engine=hermes&transform.routerRoot=.%2Fapp&unstable_transformProfile=hermes-stable:211137
[30361692ms] [LOG] [DEBUG] Skipping save: no life started yet (pristine initial state) @ http://localhost:8090/app/entry.ts.bundle?platform=web&dev=true&hot=false&lazy=true&transform.engine=hermes&transform.routerRoot=.%2Fapp&unstable_transformProfile=hermes-stable:211137
[30361693ms] [LOG] [DEBUG] Periodic auto-save completed @ http://localhost:8090/app/entry.ts.bundle?platform=web&dev=true&hot=false&lazy=true&transform.engine=hermes&transform.routerRoot=.%2Fapp&unstable_transformProfile=hermes-stable:211137
[30481693ms] [LOG] [DEBUG] Skipping save: no life started yet (pristine initial state) @ http://localhost:8090/app/entry.ts.bundle?platform=web&dev=true&hot=false&lazy=true&transform.engine=hermes&transform.routerRoot=.%2Fapp&unstable_transformProfile=hermes-stable:211137
[30481693ms] [LOG] [DEBUG] Periodic auto-save completed @ http://localhost:8090/app/entry.ts.bundle?platform=web&dev=true&hot=false&lazy=true&transform.engine=hermes&transform.routerRoot=.%2Fapp&unstable_transformProfile=hermes-stable:211137
[30601694ms] [LOG] [DEBUG] Skipping save: no life started yet (pristine initial state) @ http://localhost:8090/app/entry.ts.bundle?platform=web&dev=true&hot=false&lazy=true&transform.engine=hermes&transform.routerRoot=.%2Fapp&unstable_transformProfile=hermes-stable:211137
[30601695ms] [LOG] [DEBUG] Periodic auto-save completed @ http://localhost:8090/app/entry.ts.bundle?platform=web&dev=true&hot=false&lazy=true&transform.engine=hermes&transform.routerRoot=.%2Fapp&unstable_transformProfile=hermes-stable:211137
[30663845ms] [LOG] [DEBUG] Skipping save: no life started yet (pristine initial state) @ http://localhost:8090/app/entry.ts.bundle?platform=web&dev=true&hot=false&lazy=true&transform.engine=hermes&transform.routerRoot=.%2Fapp&unstable_transformProfile=hermes-stable:211137
